user_id,movie_id,rating,timestamp,user_idx,movie_idx
2532865,4500,4,2005-07-26,3635,3
573364,4500,3,2005-06-20,840,3
1696725,4500,3,2004-02-27,2464,3
1253431,4500,3,2004-03-31,1815,3
1265574,4500,2,2003-09-01,1833,3
1049643,4500,1,2003-11-15,1493,3
1601348,4500,4,2005-04-05,2328,3
1495289,4500,5,2005-07-09,2173,3
1254903,4500,3,2003-09-02,1818,3
2604070,4500,3,2005-05-15,3739,3
1006473,4500,5,2005-05-23,1435,3
1989892,4500,3,2004-04-06,2874,3
1517471,4500,4,2003-12-24,2204,3
1478381,4500,4,2005-05-21,2138,3
923084,4500,2,2004-11-15,1330,3
2446292,4500,4,2005-10-06,3518,3
2554745,4500,3,2003-05-07,3662,3
1133125,4500,5,2004-08-10,1621,3
349528,4500,4,2003-08-11,493,3
1614895,4500,5,2004-08-29,2349,3
424958,4500,4,2005-08-02,614,3
1390877,4500,3,2003-10-07,2017,3
2327422,4500,4,2004-08-19,3347,3
18103,4500,3,2005-07-24,24,3
591075,4500,4,2004-03-12,869,3
1589677,4500,3,2003-07-17,2314,3
973538,4500,2,2004-11-06,1395,3
1107636,4500,3,2004-04-17,1573,3
1279272,4500,2,2005-08-08,1858,3
1578868,4500,4,2005-11-08,2300,3
1764950,4500,4,2004-04-11,2558,3
1607574,4500,3,2004-08-07,2340,3
2604976,4500,3,2005-08-18,3742,3
2152838,4500,2,2004-12-14,3115,3
1956967,4500,3,2005-05-03,2824,3
1170871,4500,4,2005-11-22,1672,3
2103896,4500,2,2005-01-11,3051,3
2589830,4500,5,2004-07-16,3711,3
478176,4500,4,2005-05-22,696,3
1167572,4500,5,2005-11-07,1668,3
273939,4500,5,2005-04-16,379,3
2191732,4500,1,2003-08-25,3157,3
1508291,4500,4,2005-10-03,2188,3
1132940,4500,3,2004-02-19,1620,3
325384,4500,3,2005-03-20,456,3
1617677,4500,5,2005-10-03,2351,3
1240130,4500,3,2003-08-25,1787,3
2175436,4500,4,2004-06-18,3143,3
187322,4500,2,2004-05-11,257,3
765129,4500,3,2004-02-11,1106,3
2490130,4500,4,2005-02-21,3579,3
2439493,4500,1,2003-03-23,3506,3
2467154,4500,4,2005-05-20,3553,3
1386457,4500,3,2004-09-15,2009,3
320708,4500,4,2003-05-08,446,3
2379324,4500,4,2004-01-27,3413,3
1789430,4500,3,2003-09-10,2595,3
837081,4500,4,2005-07-20,1218,3
656811,4500,4,2004-01-31,963,3
2453811,4500,4,2005-02-10,3534,3
1534723,4500,5,2003-05-16,2221,3
538221,4500,4,2005-06-10,794,3
1878316,4500,3,2004-01-04,2718,3
345916,4500,3,2005-03-12,486,3
1065665,4500,5,2005-07-28,1510,3
177103,4500,2,2004-01-17,242,3
530922,4500,2,2005-04-11,777,3
1459994,4500,2,2005-07-01,2117,3
1149786,4500,3,2003-08-20,1647,3
2258411,4500,3,2004-09-20,3251,3
2553812,4500,3,2005-01-19,3660,3
1736588,4500,1,2005-01-20,2516,3
2208519,4500,2,2005-03-07,3173,3
1899288,4500,4,2005-03-25,2741,3
2282361,4500,3,2005-04-26,3280,3
2477831,4500,4,2005-06-18,3564,3
1853299,4500,4,2004-12-23,2681,3
769702,4500,1,2005-02-26,1120,3
914958,4500,4,2003-09-29,1322,3
1524853,4500,4,2004-10-06,2213,3
1434103,4500,2,2003-07-31,2081,3
1848539,4500,5,2003-08-08,2673,3
625344,4500,3,2004-07-27,917,3
432620,4500,3,2004-07-20,626,3
725232,4500,3,2004-03-03,1057,3
475712,4500,4,2005-07-29,690,3
2634980,4500,4,2005-08-10,3787,3
2535720,4500,4,2005-02-25,3642,3
2023451,4500,3,2005-04-28,2934,3
1047039,4500,5,2005-05-14,1491,3
202978,4500,2,2003-07-16,285,3
1492140,4500,3,2004-06-02,2162,3
2379395,4500,3,2004-01-30,3414,3
2111073,4500,5,2003-12-12,3056,3
2601024,4500,3,2003-11-05,3736,3
1767542,4500,2,2004-07-22,2562,3
1929457,4500,3,2005-12-10,2786,3
2082635,4500,2,2005-07-25,3018,3
1179020,4500,4,2004-03-24,1684,3
66892,4500,3,2005-02-23,92,3
2113841,4500,4,2003-10-22,3061,3
1032165,4500,3,2003-12-22,1474,3
387222,4500,4,2003-03-24,560,3
1279851,4500,2,2005-05-20,1859,3
1633113,4500,2,2003-12-04,2367,3
1684416,4500,4,2004-10-25,2446,3
994565,4500,4,2005-01-23,1422,3
1664010,4500,5,2005-10-15,2414,3
1902838,4500,3,2003-04-30,2744,3
945475,4500,3,2005-03-28,1352,3
688306,4500,1,2004-06-07,1001,3
659540,4500,2,2003-06-19,969,3
329958,4500,1,2004-06-29,462,3
896920,4500,3,2004-10-04,1300,3
1573281,4500,3,2004-12-06,2292,3
2374991,4500,5,2005-01-23,3407,3
2612179,4500,3,2005-07-12,3754,3
504243,4500,4,2004-08-11,728,3
154993,4500,5,2003-04-07,211,3
1434330,4500,1,2004-12-24,2082,3
2458451,4500,5,2005-10-31,3540,3
305604,4500,3,2004-10-13,418,3
1848868,4500,2,2003-05-28,2674,3
1838160,4500,4,2003-11-12,2658,3
1991752,4500,2,2003-03-28,2877,3
122197,4500,1,2005-03-09,174,3
1200097,4500,3,2005-12-13,1720,3
1362183,4500,3,2003-07-14,1983,3
1888662,4500,4,2005-05-03,2731,3
869468,4500,2,2004-09-09,1262,3
583873,4500,4,2004-07-26,854,3
2320538,4500,3,2003-09-24,3336,3
2109890,4500,4,2005-08-18,3055,3
693162,4500,4,2003-11-04,1011,3
1835168,4500,3,2005-05-02,2656,3
1757370,4500,3,2004-11-17,2544,3
2348165,4500,3,2003-07-21,3370,3
320972,4500,3,2005-02-03,448,3
1838895,4500,3,2003-12-17,2661,3
1232297,4500,2,2005-03-15,1775,3
2590402,4500,3,2004-03-03,3713,3
1863420,4500,5,2004-05-20,2698,3
2384389,4500,3,2004-07-23,3423,3
2642916,4500,4,2004-04-08,3799,3
2606799,4500,2,2005-05-16,3746,3
2040847,4500,2,2005-08-03,2955,3
523957,4500,4,2004-03-08,764,3
1499926,4500,3,2003-05-06,2176,3
1641072,4500,4,2005-09-10,2381,3
1299887,4500,5,2005-02-19,1889,3
798296,4500,2,2003-05-12,1163,3
1177133,4500,4,2004-02-04,1682,3
60973,4500,4,2003-09-28,83,3
1288501,4500,3,2004-10-27,1872,3
945445,4500,4,2004-03-23,1351,3
2028530,4500,4,2005-02-08,2940,3
671089,4500,3,2005-05-11,983,3
466257,4500,3,2004-01-30,672,3
1053026,4500,5,2005-07-20,1497,3
305344,4500,2,2003-03-22,417,3
1470113,4500,5,2005-05-16,2126,3
2048620,4500,3,2003-04-02,2967,3
1978257,4500,1,2003-03-25,2858,3
1159683,4500,4,2005-10-05,1663,3
1851609,4500,4,2004-11-16,2677,3
2520539,4500,3,2003-10-26,3618,3
2147527,4500,2,2005-11-18,3111,3
364867,4500,4,2004-11-24,518,3
122901,4500,3,2003-07-11,175,3
2572807,4500,2,2005-05-31,3688,3
1252466,4500,4,2005-02-22,1810,3
1865701,4500,2,2005-11-09,2702,3
1768181,4500,4,2004-07-17,2563,3
2460555,4500,4,2004-12-31,3543,3
530134,4500,4,2005-10-21,774,3
1762296,4500,3,2005-09-29,2550,3
517454,4500,4,2005-04-11,753,3
1319949,4500,3,2003-05-04,1919,3
2052289,4500,4,2004-04-20,2974,3
1996860,4500,5,2005-09-14,2888,3
964001,4500,4,2005-07-05,1380,3
1610947,4500,4,2004-12-31,2346,3
1391691,4500,2,2005-09-10,2020,3
1741802,4500,3,2003-10-03,2523,3
1253337,4500,4,2005-02-03,1814,3
2410629,4500,4,2005-10-24,3462,3
105802,4500,3,2005-06-23,149,3
975654,4500,4,2003-11-14,1396,3
936816,4500,3,2003-10-29,1344,3
739252,4500,3,2003-10-16,1071,3
326356,4500,2,2005-06-12,458,3
2444174,4500,3,2003-07-13,3514,3
854364,4500,3,2004-09-17,1240,3
471654,4500,5,2005-03-01,679,3
2525782,4500,4,2004-09-28,3623,3
41561,4500,4,2004-11-10,56,3
837165,4500,4,2004-04-28,1220,3
2064245,4500,5,2003-08-14,2995,3
2113107,4500,4,2005-03-03,3060,3
1445218,4500,4,2003-05-05,2098,3
2254502,4500,2,2003-12-12,3244,3
1651291,4500,5,2005-06-03,2398,3
474521,4500,2,2005-10-18,686,3
230265,4500,2,2005-05-14,321,3
438688,4500,5,2005-11-29,635,3
776513,4500,2,2004-12-08,1127,3
1552388,4500,5,2003-06-09,2250,3
326049,4500,3,2004-04-21,457,3
2608958,4500,3,2004-03-28,3749,3
2126435,4500,2,2005-10-08,3084,3
2118461,4500,5,2005-10-29,3065,3
1638460,4500,3,2003-08-30,2377,3
1800628,4500,3,2005-01-10,2608,3
168523,4500,2,2005-06-08,231,3
1074851,4500,5,2003-11-24,1521,3
387418,4500,1,2003-08-11,561,3
818804,4500,1,2003-05-12,1192,3
1752619,4500,2,2005-06-08,2533,3
1734945,4500,1,2005-09-01,2513,3
1704795,4500,5,2005-11-27,2474,3
1391510,4500,3,2004-08-02,2018,3
133642,4500,4,2005-08-03,190,3
1493528,4500,4,2004-10-06,2166,3
1122498,4500,4,2004-10-11,1599,3
1932594,4500,2,2004-08-22,2790,3
794999,4500,5,2004-06-22,1159,3
191776,4500,4,2005-03-09,265,3
1339695,4500,4,2005-06-06,1948,3
277957,4500,5,2004-08-07,384,3
1971428,4500,1,2004-03-21,2849,3
2481845,4500,4,2004-04-04,3567,3
1663888,4500,4,2004-11-05,2413,3
1461435,4500,1,2003-04-13,2119,3
1150431,4500,3,2004-09-20,1648,3
1549154,4500,5,2005-07-13,2242,3
1639792,4500,1,2003-04-01,2378,3
2463846,4500,4,2005-01-28,3546,3
761623,4500,4,2003-03-17,1105,3
29711,4500,1,2003-10-29,40,3
2055388,4500,4,2005-10-03,2980,3
2348346,4500,4,2003-04-28,3371,3
790471,4500,3,2005-02-07,1149,3
2143500,4500,4,2005-06-04,3102,3
136160,4500,3,2005-10-23,194,3
1963140,4500,3,2003-12-12,2840,3
2060327,4500,4,2005-01-19,2987,3
2646634,4500,4,2003-06-18,3806,3
1020757,4500,4,2004-11-14,1458,3
2358238,4500,3,2005-09-21,3380,3
2452963,4500,4,2003-06-24,3533,3
2405791,4500,5,2003-12-29,3452,3
2443373,4500,2,2004-05-24,3512,3
1462129,4500,4,2005-10-25,2121,3
1154902,4500,5,2003-10-13,1654,3
2236573,4500,3,2004-07-16,3212,3
2448838,4500,5,2004-10-11,3525,3
1983272,4500,4,2004-09-18,2864,3
1400108,4500,4,2005-10-25,2033,3
2581970,4501,3,2005-05-24,3698,4
1277134,4501,2,2005-06-05,1854,4
2011929,4501,1,2005-06-24,2914,4
2003092,4501,2,2005-07-01,2898,4
1735774,4501,3,2005-06-13,2514,4
862144,4501,2,2005-09-07,1250,4
2402672,4501,3,2005-09-23,3449,4
955916,4501,3,2005-07-04,1364,4
1719016,4501,3,2005-07-10,2494,4
1586123,4501,5,2005-07-25,2308,4
2213550,4501,4,2005-05-25,3180,4
1368985,4501,1,2005-06-30,1990,4
2592869,4501,5,2005-07-29,3719,4
882735,4501,1,2005-07-29,1286,4
2628653,4501,3,2005-07-05,3776,4
1268452,4501,3,2005-11-25,1836,4
2459089,4501,4,2005-07-05,3541,4
1492957,4501,3,2005-08-06,2163,4
1333,4501,3,2005-05-29,3,4
2326407,4501,3,2005-07-12,3344,4
1105269,4501,4,2005-08-24,1569,4
181784,4501,5,2005-05-22,246,4
538410,4501,4,2005-05-30,795,4
2446292,4501,1,2005-07-13,3518,4
621634,4501,4,2005-07-28,910,4
1037313,4501,4,2005-05-16,1483,4
2268573,4501,1,2005-05-26,3264,4
1105260,4501,2,2005-06-10,1568,4
1658752,4501,5,2005-06-14,2406,4
1066379,4501,5,2005-09-08,1512,4
959291,4501,4,2005-10-04,1373,4
402377,4501,4,2005-05-21,584,4
1826189,4501,3,2005-06-07,2646,4
2601294,4501,2,2005-08-13,3737,4
945258,4501,4,2005-05-23,1350,4
931817,4501,5,2005-09-20,1340,4
473516,4501,3,2005-05-23,684,4
2604824,4501,4,2005-06-04,3741,4
2289283,4501,3,2005-06-09,3289,4
362169,4501,5,2005-12-12,514,4
2418941,4501,3,2005-08-02,3475,4
802326,4501,4,2004-12-24,1167,4
2076458,4501,4,2005-06-28,3008,4
816549,4501,3,2005-06-30,1185,4
533895,4501,4,2005-09-03,786,4
114296,4501,1,2005-06-01,162,4
193876,4501,2,2005-06-29,269,4
1022903,4501,4,2005-05-26,1462,4
1784150,4501,2,2005-05-17,2589,4
742359,4501,1,2005-06-27,1076,4
670922,4501,4,2005-09-23,982,4
660175,4501,4,2005-10-06,971,4
183754,4501,3,2005-07-21,252,4
1578279,4501,1,2005-06-06,2299,4
830875,4501,4,2005-07-04,1210,4
875956,4501,4,2005-09-16,1277,4
369821,4501,1,2005-10-16,530,4
1684177,4501,4,2005-10-31,2444,4
856436,4501,3,2005-08-09,1242,4
2066905,4501,2,2005-06-24,3000,4
1001129,4501,3,2005-05-22,1429,4
1511683,4501,1,2005-05-24,2196,4
1351545,4501,2,2005-06-02,1968,4
201218,4501,1,2005-07-19,279,4
2314767,4501,4,2005-08-27,3330,4
2242884,4501,3,2005-09-01,3225,4
1617799,4501,2,2005-06-14,2352,4
296608,4501,1,2005-11-22,406,4
2571175,4501,4,2005-07-27,3685,4
2281080,4501,3,2005-08-16,3279,4
1406313,4501,3,2005-08-22,2044,4
90281,4501,4,2005-05-17,125,4
727242,4501,1,2005-06-13,1060,4
1929487,4501,3,2005-06-13,2787,4
784901,4501,3,2005-09-30,1139,4
2122991,4501,4,2005-11-21,3076,4
478176,4501,4,2005-05-23,696,4
627312,4501,2,2005-05-24,920,4
1532920,4501,5,2005-05-31,2220,4
2296969,4501,3,2005-07-07,3301,4
1861903,4501,1,2005-07-24,2696,4
649714,4501,3,2005-05-24,951,4
2636960,4501,4,2005-06-01,3793,4
2191732,4501,2,2005-06-13,3157,4
797522,4501,1,2005-10-31,1162,4
793467,4501,3,2005-11-14,1155,4
113694,4501,3,2005-08-03,161,4
2286614,4501,2,2005-06-12,3284,4
2539141,4501,1,2005-10-12,3649,4
2408917,4501,2,2005-11-21,3458,4
1476386,4501,2,2005-07-11,2135,4
1172929,4501,2,2005-08-18,1676,4
1314869,4501,1,2005-05-16,1908,4
2337785,4501,4,2005-05-23,3355,4
1132940,4501,4,2005-06-14,1620,4
1436160,4501,2,2005-10-04,2088,4
2237750,4501,3,2005-10-05,3214,4
567473,4501,3,2005-07-10,832,4
373557,4501,2,2005-07-22,538,4
2247646,4501,3,2005-09-28,3231,4
129409,4501,2,2005-07-18,185,4
1191566,4501,3,2005-05-27,1707,4
1079697,4501,4,2005-06-21,1533,4
989,4501,2,2005-06-23,1,4
2370314,4501,1,2005-08-09,3401,4
580963,4501,4,2005-06-14,850,4
430013,4501,4,2005-11-30,624,4
1192959,4501,2,2005-06-13,1709,4
1099792,4501,2,2005-06-29,1555,4
217082,4501,4,2005-10-25,303,4
2358651,4501,3,2005-05-24,3382,4
1202465,4501,2,2005-06-29,1726,4
2439493,4501,1,2003-06-04,3506,4
1869389,4501,3,2005-06-19,2704,4
1313998,4501,1,2005-07-11,1906,4
720436,4501,4,2005-05-24,1048,4
857140,4501,2,2005-06-09,1243,4
2317166,4501,3,2005-06-27,3333,4
2464121,4501,4,2005-06-01,3548,4
44402,4501,5,2005-06-07,64,4
2146017,4501,4,2005-11-14,3109,4
2341690,4501,5,2005-05-19,3360,4
2145742,4501,4,2005-06-12,3108,4
2362938,4501,1,2005-06-25,3387,4
2526250,4501,4,2005-12-07,3624,4
1073450,4501,4,2005-07-11,1519,4
2329445,4501,4,2005-08-02,3348,4
2066458,4501,1,2004-07-30,2999,4
1156854,4501,3,2005-06-07,1659,4
1776694,4501,2,2005-06-14,2576,4
2087189,4501,4,2005-05-27,3027,4
841535,4501,4,2005-06-23,1224,4
740526,4501,3,2005-05-26,1073,4
1654621,4501,5,2005-05-28,2402,4
1644997,4501,3,2005-06-15,2386,4
2391423,4501,3,2005-07-16,3436,4
1276125,4501,3,2005-08-11,1851,4
251967,4501,4,2005-06-04,347,4
636185,4501,5,2005-06-17,930,4
2016834,4501,2,2005-08-12,2920,4
1136807,4501,3,2005-09-06,1626,4
1845565,4501,3,2005-10-28,2670,4
2315809,4501,4,2005-11-02,3332,4
952202,4501,3,2005-05-20,1362,4
728801,4501,3,2005-05-27,1062,4
1218927,4501,4,2005-06-07,1755,4
1479743,4501,4,2005-10-07,2140,4
393554,4501,3,2005-10-26,571,4
1093574,4501,3,2005-12-05,1551,4
63728,4501,3,2005-06-07,86,4
1252629,4501,4,2005-11-14,1811,4
2421961,4501,3,2005-08-14,3481,4
1948935,4501,1,2005-08-15,2816,4
2057571,4501,3,2005-06-09,2984,4
1221212,4501,3,2005-10-17,1757,4
1739884,4501,4,2005-05-23,2521,4
384137,4501,3,2005-06-09,553,4
1821403,4501,1,2005-06-23,2639,4
1338206,4501,4,2005-07-17,1945,4
1429267,4501,3,2005-07-25,2072,4
1241060,4501,4,2005-05-19,1789,4
2571748,4501,4,2005-07-03,3686,4
280382,4501,3,2005-09-27,386,4
1340025,4501,3,2005-07-19,1949,4
39242,4501,2,2005-10-19,52,4
2436290,4501,3,2005-11-29,3502,4
2065591,4501,3,2005-07-09,2997,4
1011516,4501,3,2005-06-13,1445,4
780687,4501,4,2005-05-23,1135,4
373956,4501,2,2005-06-25,539,4
2439715,4501,3,2005-06-27,3507,4
1403121,4501,1,2005-07-09,2037,4
1107368,4501,4,2005-06-08,1571,4
447177,4501,1,2005-06-25,650,4
2030978,4501,2,2005-06-26,2944,4
2045883,4501,1,2005-10-07,2962,4
857795,4501,1,2005-07-12,1245,4
1105029,4501,3,2005-07-14,1567,4
1163369,4501,4,2005-08-19,1667,4
1734488,4501,4,2005-06-14,2512,4
2050991,4501,5,2005-06-15,2969,4
1075356,4501,3,2005-06-27,1524,4
1382130,4501,4,2005-11-22,2002,4
1236114,4501,4,2005-08-01,1782,4
252540,4501,4,2005-06-18,348,4
1289344,4501,4,2005-11-03,1875,4
591250,4501,3,2005-06-16,870,4
1215094,4501,4,2005-10-03,1751,4
709881,4501,3,2005-10-04,1031,4
2598766,4501,4,2005-11-12,3732,4
2267504,4501,3,2005-07-19,3260,4
729920,4501,2,2005-08-15,1065,4
1348110,4501,3,2005-06-15,1960,4
2309116,4501,4,2005-10-13,3322,4
2616874,4501,2,2005-07-16,3760,4
794387,4501,2,2005-08-29,1158,4
359681,4501,4,2005-05-23,508,4
1013603,4501,4,2005-06-13,1447,4
1307756,4501,1,2005-06-17,1895,4
29185,4501,5,2005-09-06,38,4
1284029,4501,4,2005-12-22,1868,4
661071,4501,3,2005-08-07,974,4
625432,4501,4,2005-06-26,919,4
389377,4501,4,2003-03-08,564,4
2314335,4501,3,2005-05-22,3328,4
2042978,4501,4,2005-05-22,2959,4
274292,4501,3,2005-09-10,381,4
1957972,4501,1,2005-08-22,2827,4
901511,4501,3,2005-06-14,1304,4
2641668,4501,3,2005-06-22,3798,4
1132373,4501,2,2005-09-14,1616,4
1636791,4501,3,2005-08-23,2373,4
831912,4501,5,2005-06-29,1214,4
2448207,4501,4,2005-07-14,3524,4
955719,4501,2,2005-07-23,1363,4
554626,4501,2,2005-08-12,818,4
504711,4501,4,2005-06-22,730,4
1241718,4501,3,2005-07-05,1790,4
1530425,4501,3,2005-08-06,2217,4
236894,4501,4,2005-05-20,333,4
767929,4501,3,2005-06-08,1116,4
1066935,4501,2,2005-11-03,1513,4
972437,4501,4,2005-05-31,1394,4
312601,4501,3,2005-06-13,432,4
1388915,4501,4,2005-09-29,2013,4
303270,4501,3,2005-10-03,413,4
2120917,4501,2,2005-07-07,3074,4
193454,4501,3,2005-05-27,267,4
2398368,4501,1,2005-06-18,3445,4
46529,4501,5,2005-06-23,68,4
1914173,4501,1,2005-06-29,2760,4
818105,4501,4,2005-12-20,1188,4
2250382,4501,2,2005-07-05,3234,4
1901576,4501,4,2005-08-02,2742,4
1874135,4501,3,2005-08-16,2710,4
1255155,4501,2,2005-11-21,1819,4
518829,4501,3,2005-07-18,755,4
1382430,4501,4,2005-06-15,2003,4
1681459,4501,3,2005-06-16,2437,4
853083,4501,4,2005-06-20,1236,4
2252505,4501,3,2005-06-22,3241,4
1664010,4501,5,2005-10-15,2414,4
1388194,4501,1,2005-09-13,2011,4
1203925,4501,3,2005-06-09,1730,4
1681970,4501,1,2005-06-17,2439,4
481077,4501,3,2005-08-20,702,4
390955,4501,3,2005-06-07,566,4
2613213,4501,3,2005-06-23,3756,4
1481558,4501,2,2005-06-25,2146,4
389157,4501,2,2005-06-29,563,4
2139616,4501,1,2005-06-28,3098,4
152955,4501,4,2005-07-01,209,4
453477,4501,4,2005-09-07,660,4
378346,4501,3,2005-09-29,543,4
2145701,4501,4,2005-11-22,3107,4
1713480,4501,1,2005-07-12,2490,4
2596403,4501,5,2005-06-13,3724,4
2297136,4501,1,2005-05-30,3302,4
1502539,4501,3,2005-06-16,2179,4
84670,4501,2,2005-07-10,116,4
1152696,4501,2,2005-07-18,1651,4
1489599,4501,2,2005-07-19,2159,4
291712,4501,4,2005-05-23,400,4
257165,4501,2,2005-06-17,358,4
1679973,4501,3,2005-06-22,2433,4
332154,4501,4,2005-08-29,465,4
93419,4501,2,2005-05-27,131,4
96011,4501,4,2005-06-06,134,4
612275,4501,4,2005-06-11,895,4
1362663,4501,2,2005-10-01,1984,4
1459955,4501,2,2005-08-18,2116,4
1275379,4501,1,2005-06-24,1847,4
2374807,4501,3,2005-05-31,3406,4
1440602,4501,3,2005-06-07,2093,4
2597664,4501,4,2005-06-07,3727,4
1207334,4501,3,2005-10-04,1735,4
964232,4501,4,2005-10-25,1381,4
1992028,4501,3,2005-07-14,2878,4
1186910,4501,2,2005-06-16,1696,4
2247310,4501,4,2005-06-25,3230,4
15536,4501,2,2005-06-29,21,4
1885424,4501,4,2005-07-08,2729,4
1361352,4501,4,2005-07-10,1981,4
1433050,4501,3,2005-08-04,2079,4
1462315,4501,3,2005-08-12,2122,4
2258269,4501,3,2005-11-14,3250,4
1331155,4501,3,2005-07-18,1937,4
866475,4501,3,2004-11-07,1257,4
567847,4501,3,2005-06-09,833,4
2084067,4501,4,2005-06-12,3022,4
129058,4501,3,2005-09-04,184,4
2498721,4501,3,2005-10-10,3588,4
649322,4501,2,2005-07-02,950,4
2167944,4501,3,2005-10-31,3133,4
2243170,4501,3,2005-07-13,3226,4
137187,4501,1,2005-07-18,195,4
616839,4501,3,2005-06-03,902,4
103699,4501,2,2005-06-29,144,4
367518,4501,4,2005-08-26,525,4
56272,4501,3,2005-06-16,78,4
952063,4501,1,2005-06-01,1361,4
242425,4501,1,2005-06-11,339,4
1708442,4501,4,2005-09-29,2480,4
450899,4501,2,2005-11-09,657,4
274135,4501,3,2005-06-07,380,4
1587311,4501,3,2005-06-15,2312,4
2597866,4501,3,2005-09-24,3729,4
2534526,4501,3,2005-07-12,3639,4
366740,4501,5,2005-10-26,522,4
527994,4501,4,2005-11-21,769,4
2258116,4501,3,2005-11-22,3249,4
744213,4501,3,2005-05-23,1080,4
653682,4501,3,2005-05-31,959,4
2550711,4501,5,2005-05-31,3655,4
1154184,4501,3,2005-06-19,1653,4
780296,4501,3,2005-09-29,1133,4
841811,4501,4,2005-08-27,1225,4
1672753,4501,2,2005-06-20,2426,4
215104,4501,3,2005-05-20,301,4
1377693,4501,3,2005-05-25,1997,4
1541326,4501,3,2005-08-04,2231,4
1556831,4501,1,2005-06-13,2255,4
2292120,4501,4,2005-06-24,3293,4
563705,4501,3,2005-11-12,825,4
2604517,4501,4,2005-11-20,3740,4
1753820,4501,3,2005-07-06,2536,4
1922694,4501,2,2005-08-17,2772,4
74183,4501,3,2005-08-24,99,4
384821,4501,5,2005-05-23,555,4
2561301,4501,4,2005-06-11,3669,4
1511156,4501,2,2005-06-27,2194,4
1429262,4501,2,2005-05-22,2071,4
2365141,4501,2,2005-07-11,3390,4
2606799,4501,2,2005-05-16,3746,4
1757495,4501,5,2005-10-04,2545,4
1147583,4501,3,2005-11-02,1641,4
231712,4501,3,2005-07-12,324,4
1171232,4501,3,2005-09-02,1673,4
1964407,4501,4,2005-06-15,2841,4
535337,4501,3,2005-07-17,789,4
43269,4501,3,2005-07-19,62,4
1324333,4501,3,2005-06-22,1926,4
896636,4501,5,2005-12-03,1298,4
1925392,4501,2,2005-07-11,2777,4
1349389,4501,3,2005-07-17,1964,4
2630391,4501,3,2005-07-17,3780,4
1320859,4501,4,2005-06-16,1923,4
2009508,4501,3,2005-06-21,2907,4
2239189,4501,2,2005-09-03,3217,4
597358,4501,2,2005-12-12,881,4
1902133,4501,3,2005-08-03,2743,4
1416712,4501,1,2005-10-26,2057,4
943880,4501,3,2005-07-26,1349,4
1637823,4501,5,2005-10-27,2376,4
1800814,4501,4,2005-11-08,2609,4
1090951,4501,5,2005-07-26,1546,4
1338823,4501,4,2005-05-31,1946,4
83218,4501,4,2005-06-28,114,4
848260,4501,4,2005-07-01,1229,4
1161441,4501,3,2005-07-22,1665,4
1806407,4501,3,2005-10-12,2618,4
1634480,4501,4,2005-11-02,2369,4
1889913,4501,2,2005-07-07,2732,4
915201,4501,2,2005-10-08,1323,4
602481,4501,4,2005-07-05,884,4
1763559,4501,4,2005-10-20,2554,4
1104400,4501,4,2005-10-26,1565,4
1290249,4501,2,2005-08-27,1876,4
900263,4501,3,2005-08-29,1302,4
467182,4501,3,2005-07-01,674,4
2006543,4501,4,2005-10-02,2905,4
176774,4501,3,2005-10-25,239,4
930351,4501,4,2005-07-08,1338,4
439729,4501,3,2005-08-31,639,4
1132655,4501,5,2005-05-20,1619,4
500066,4501,5,2005-06-06,722,4
340138,4501,4,2005-06-12,476,4
592195,4501,4,2005-07-10,871,4
305344,4501,1,2003-11-08,417,4
637496,4501,1,2005-08-14,936,4
2204091,4501,4,2005-09-06,3167,4
1725226,4501,3,2005-05-21,2502,4
1484680,4501,4,2005-10-12,2149,4
905467,4501,3,2005-07-06,1309,4
2410249,4501,4,2005-07-21,3461,4
412641,4501,3,2005-07-23,601,4
2576024,4501,3,2005-09-02,3691,4
2414931,4501,3,2005-09-06,3470,4
194406,4501,3,2005-11-14,271,4
171953,4501,1,2005-08-08,234,4
877060,4501,3,2005-06-06,1280,4
2548832,4501,4,2005-06-05,3653,4
2510346,4501,4,2005-06-08,3607,4
343411,4501,5,2005-07-01,481,4
1497892,4501,2,2005-10-03,2175,4
664542,4501,2,2005-10-02,979,4
2165743,4501,3,2005-07-26,3132,4
1992776,4501,2,2005-08-10,2880,4
1816541,4501,3,2005-07-02,2632,4
476695,4501,4,2005-10-26,692,4
1700131,4501,2,2005-05-24,2468,4
221165,4501,1,2005-06-18,311,4
1018992,4501,2,2005-06-27,1457,4
828236,4501,5,2005-11-07,1203,4
2317837,4501,4,2005-12-13,3334,4
2269901,4501,3,2005-07-28,3269,4
2144856,4501,3,2005-07-29,3104,4
334203,4501,4,2005-06-01,469,4
2150746,4501,3,2005-06-23,3113,4
2442175,4501,4,2005-07-05,3509,4
767582,4501,4,2005-08-29,1113,4
25836,4501,2,2005-11-27,35,4
1509354,4501,5,2005-08-23,2192,4
2587646,4501,3,2005-06-09,3707,4
469398,4501,3,2005-10-05,676,4
1969248,4501,4,2005-07-13,2846,4
2351311,4501,2,2005-06-22,3372,4
2016657,4501,3,2005-06-27,2919,4
1680872,4501,5,2005-06-14,2434,4
2169517,4501,2,2005-05-24,3135,4
2443642,4501,2,2005-07-03,3513,4
2533291,4501,5,2005-07-03,3636,4
1487832,4501,3,2005-09-12,2155,4
572852,4501,3,2005-11-09,839,4
518079,4501,1,2005-11-20,754,4
2507922,4501,5,2005-05-24,3602,4
42275,4501,4,2005-06-02,59,4
1310778,4501,2,2005-06-21,1901,4
1763451,4501,3,2005-06-27,2552,4
2240629,4501,3,2005-10-05,3219,4
1405324,4501,4,2005-10-17,2041,4
1709888,4501,4,2005-07-14,2483,4
1015971,4501,4,2005-06-06,1453,4
135736,4501,5,2005-06-23,192,4
523905,4501,4,2005-07-06,763,4
2401209,4501,3,2005-08-22,3448,4
2598647,4501,3,2005-05-26,3731,4
338047,4501,3,2005-06-11,474,4
2309825,4501,3,2005-11-22,3324,4
1006874,4501,3,2005-07-06,1437,4
1506639,4501,1,2005-08-01,2184,4
2430904,4501,2,2005-06-14,3491,4
1604779,4501,5,2005-07-02,2334,4
1221519,4501,3,2005-10-09,1760,4
1132526,4501,4,2005-08-23,1617,4
453217,4501,3,2005-05-19,659,4
98341,4501,4,2005-06-27,139,4
875399,4501,4,2005-10-04,1276,4
2618879,4501,4,2005-09-01,3763,4
1430239,4501,3,2005-07-06,2073,4
2032154,4501,3,2005-08-25,2948,4
1610407,4501,3,2005-06-20,2345,4
2538176,4501,1,2005-06-29,3647,4
1784534,4501,1,2005-07-06,2591,4
1543140,4501,1,2005-09-03,2233,4
1130374,4501,3,2005-11-10,1613,4
1666106,4501,3,2005-07-17,2418,4
501279,4501,4,2005-07-30,723,4
533253,4501,4,2005-08-27,784,4
655175,4501,3,2005-06-15,960,4
1598717,4501,3,2005-08-04,2322,4
1935097,4501,5,2005-08-30,2794,4
1775183,4501,1,2005-06-12,2575,4
1999876,4501,3,2005-06-23,2896,4
2562653,4501,4,2005-06-27,3672,4
2117432,4501,5,2005-07-25,3064,4
171276,4501,2,2005-08-23,232,4
837133,4501,3,2005-05-20,1219,4
1550359,4501,3,2005-09-23,2244,4
592691,4501,4,2005-06-04,872,4
2126849,4501,3,2005-11-06,3086,4
586388,4501,1,2005-06-27,862,4
2118613,4501,3,2005-12-21,3067,4
2018104,4501,5,2005-12-28,2923,4
193175,4501,5,2005-08-28,266,4
970008,4501,2,2005-06-20,1389,4
1486247,4501,1,2005-07-05,2151,4
1737808,4501,3,2005-07-19,2519,4
1816708,4501,3,2005-08-04,2633,4
2121720,4501,2,2005-07-02,3075,4
522848,4501,4,2005-07-19,762,4
253028,4501,2,2005-08-29,349,4
1627987,4501,2,2005-05-20,2359,4
2029513,4501,3,2005-06-21,2942,4
230444,4501,4,2005-07-21,322,4
361780,4501,2,2005-07-28,513,4
1056156,4501,3,2005-05-30,1501,4
2118461,4501,4,2005-10-29,3065,4
2050772,4501,5,2005-08-10,2968,4
1211416,4501,3,2005-10-21,1743,4
1258892,4501,2,2005-06-06,1824,4
567426,4501,2,2005-06-22,831,4
1250400,4501,1,2005-09-22,1807,4
1511274,4501,3,2005-10-10,2195,4
387418,4501,2,2004-02-09,561,4
706524,4501,4,2005-08-15,1026,4
1421249,4501,3,2005-06-13,2061,4
2614077,4501,1,2005-06-22,3757,4
1015739,4501,3,2005-07-15,1452,4
889734,4501,4,2005-12-13,1291,4
1813543,4501,2,2005-08-01,2630,4
1473750,4501,3,2005-09-13,2129,4
2447256,4501,3,2005-12-18,3521,4
2101759,4501,5,2005-06-13,3047,4
2342528,4501,1,2005-06-15,3362,4
999752,4501,3,2005-08-21,1428,4
1194594,4501,4,2005-09-03,1713,4
966757,4501,3,2005-05-25,1385,4
1051251,4501,3,2005-06-13,1495,4
441313,4501,3,2005-09-27,643,4
933094,4501,2,2005-08-10,1342,4
1872961,4501,1,2005-08-26,2707,4
794999,4501,5,2005-05-24,1159,4
1834123,4501,4,2005-06-01,2653,4
981733,4501,3,2005-06-16,1406,4
1176114,4501,1,2005-10-14,1679,4
688869,4501,3,2005-07-20,1003,4
1266186,4501,3,2005-08-11,1834,4
1824861,4501,3,2005-08-14,2645,4
2526291,4501,4,2005-05-19,3625,4
2190996,4501,3,2005-06-03,3156,4
1645904,4501,3,2005-06-05,2388,4
209104,4501,2,2005-06-14,294,4
368124,4501,3,2005-07-02,527,4
2452802,4501,3,2005-10-04,3532,4
1757769,4501,2,2005-07-03,2546,4
1913241,4501,1,2005-06-16,2759,4
133165,4501,2,2005-09-23,189,4
758139,4501,5,2005-09-28,1101,4
829708,4501,4,2005-07-16,1207,4
584643,4501,3,2005-07-22,858,4
874765,4501,3,2005-07-22,1273,4
1152383,4501,4,2005-08-25,1650,4
1180266,4501,3,2005-11-05,1687,4
1453265,4501,3,2005-07-07,2110,4
2649376,4501,4,2005-08-01,3811,4
2090063,4501,3,2005-09-18,3032,4
1262490,4501,3,2005-05-24,1830,4
1893668,4501,1,2005-06-09,2736,4
745031,4501,2,2005-06-13,1082,4
1448792,4501,2,2005-11-07,2105,4
1680877,4501,2,2005-07-05,2435,4
827801,4501,4,2005-07-13,1201,4
2199229,4501,4,2005-06-24,3164,4
586659,4501,5,2005-05-26,863,4
57633,4501,3,2005-05-27,79,4
790471,4501,4,2005-07-25,1149,4
1573062,4501,2,2005-08-21,2291,4
2190905,4501,3,2005-07-12,3155,4
869544,4501,3,2005-07-13,1263,4
1555156,4501,3,2005-07-20,2253,4
1736609,4501,2,2005-07-28,2517,4
1645954,4501,3,2005-08-24,2389,4
2274652,4501,3,2005-06-29,3273,4
1334851,4501,4,2005-06-01,1940,4
2302245,4501,4,2005-11-08,3309,4
2577168,4501,4,2005-07-07,3694,4
1256961,4501,3,2005-07-12,1821,4
2116135,4501,4,2005-08-13,3062,4
1906240,4501,4,2005-05-21,2752,4
1694379,4501,3,2005-11-27,2460,4
272697,4501,4,2005-07-15,378,4
33849,4501,4,2005-08-17,46,4
311213,4501,3,2005-07-06,429,4
2487211,4501,2,2005-07-18,3574,4
1721447,4501,3,2005-08-05,2497,4
1219114,4501,3,2005-12-21,1756,4
2615035,4501,4,2004-10-24,3758,4
316155,4501,4,2005-05-29,438,4
766569,4501,2,2005-07-25,1111,4
2307511,4501,3,2005-07-27,3319,4
1422478,4501,4,2005-08-20,2063,4
2621492,4501,2,2005-09-28,3767,4
371518,4501,5,2005-10-29,532,4
1191253,4501,1,2005-12-04,1706,4
1711016,4501,4,2003-05-01,2485,4
1053310,4501,2,2005-09-27,1498,4
749178,4501,2,2005-07-08,1086,4
428688,4501,4,2004-08-31,623,4
1114007,4501,2,2005-06-13,1582,4
828095,4501,2,2005-07-23,1202,4
165821,4501,5,2005-07-26,226,4
1320022,4501,3,2005-07-28,1920,4
1262080,4501,4,2005-08-24,1829,4
1699947,4501,3,2005-06-10,2467,4
2447275,4501,4,2005-09-25,3522,4
1561647,4501,4,2005-07-25,2268,4
1494367,4501,1,2005-08-04,2171,4
1659647,4501,4,2005-08-31,2408,4
1387753,4501,1,2005-06-30,2010,4
890668,4501,5,2005-08-31,1292,4
2469112,4501,3,2005-06-02,3557,4
448137,4501,5,2005-05-20,654,4
2375059,4501,2,2005-06-27,3408,4
2570936,4501,3,2005-09-09,3684,4
1956586,4502,2,2004-12-02,2823,5
262411,4502,2,2003-10-28,364,5
1379793,4502,2,2003-12-21,2000,5
1181550,4502,2,2003-09-19,1691,5
2380338,4502,3,2005-02-13,3415,5
1841531,4502,1,2005-06-06,2664,5
1559022,4502,2,2004-07-17,2262,5
2216240,4502,1,2004-02-02,3182,5
1001129,4502,2,2004-10-29,1429,5
2396806,4502,1,2004-05-15,3441,5
235789,4502,2,2004-10-27,329,5
507378,4502,2,2005-10-22,735,5
1314869,4502,2,2005-02-10,1908,5
582730,4502,5,2005-10-19,853,5
865481,4502,3,2005-06-04,1255,5
2439493,4502,1,2003-11-22,3506,5
236624,4502,2,2004-04-28,332,5
361375,4502,2,2004-03-24,512,5
48210,4502,4,2005-04-18,70,5
1529376,4502,3,2005-04-24,2216,5
1405644,4502,3,2004-01-15,2042,5
1481386,4502,1,2005-04-03,2145,5
2040859,4502,1,2004-11-23,2956,5
1245526,4502,5,2003-11-20,1798,5
2584252,4502,2,2005-11-28,3700,5
781610,4502,1,2004-02-18,1136,5
757456,4502,2,2003-10-19,1099,5
1426404,4502,3,2004-06-29,2068,5
1154952,4502,3,2005-03-28,1655,5
2051278,4502,4,2005-07-25,2971,5
681587,4502,3,2004-12-03,993,5
78238,4502,4,2004-07-31,107,5
1928961,4502,4,2003-11-05,2784,5
91701,4502,2,2005-08-01,129,5
1583631,4502,2,2004-10-10,2305,5
381850,4502,1,2004-01-26,549,5
1773565,4502,4,2004-09-14,2571,5
1657179,4502,1,2004-06-01,2405,5
2415495,4502,2,2005-10-15,3472,5
1852784,4502,1,2004-12-28,2680,5
238986,4502,5,2004-08-08,335,5
1495111,4502,1,2005-07-16,2172,5
264402,4502,4,2005-08-23,368,5
106461,4502,2,2004-02-26,151,5
510834,4502,2,2005-06-05,741,5
1664010,4502,3,2005-10-17,2414,5
961601,4502,1,2004-02-03,1375,5
876475,4502,3,2005-09-13,1279,5
1480932,4502,1,2004-02-15,2144,5
851111,4502,2,2003-10-28,1233,5
2382338,4502,4,2004-05-08,3421,5
2251193,4502,1,2005-09-29,3236,5
1633082,4502,3,2004-02-02,2366,5
1942793,4502,1,2004-01-01,2804,5
2625079,4502,1,2005-08-10,3773,5
2293836,4502,1,2005-06-21,3295,5
603878,4502,2,2004-08-17,887,5
1704223,4502,1,2004-01-23,2472,5
2485957,4502,3,2005-01-26,3573,5
1647000,4502,2,2005-09-21,2391,5
36395,4502,2,2005-06-02,50,5
765132,4502,3,2005-12-02,1107,5
1224566,4502,1,2003-10-28,1763,5
1568483,4502,1,2005-05-05,2284,5
621880,4502,4,2005-08-19,912,5
1945693,4502,4,2004-07-07,2811,5
857404,4502,2,2003-10-09,1244,5
151153,4502,5,2005-11-19,207,5
305344,4502,1,2003-08-26,417,5
1403217,4502,2,2005-08-23,2040,5
2201470,4502,3,2004-12-06,3165,5
478815,4502,2,2005-07-19,698,5
1992319,4502,2,2004-12-23,2879,5
2605939,4502,1,2005-07-06,3745,5
1352367,4502,2,2004-08-17,1969,5
476080,4502,1,2005-05-19,691,5
2021291,4502,2,2005-02-10,2933,5
1600301,4502,2,2004-03-25,2327,5
219888,4502,2,2005-08-20,306,5
2425716,4502,1,2004-09-03,3485,5
425238,4502,3,2004-04-09,616,5
538178,4502,1,2004-01-10,793,5
620938,4502,1,2004-09-07,909,5
394528,4502,1,2004-07-22,572,5
2118461,4502,3,2005-12-22,3065,5
522180,4502,2,2003-09-08,760,5
387418,4502,1,2003-10-10,561,5
876005,4502,1,2003-10-07,1278,5
2241408,4502,2,2004-09-14,3221,5
868173,4502,1,2003-12-24,1259,5
714368,4502,2,2003-10-17,1039,5
1932594,4502,2,2005-02-15,2790,5
881346,4502,3,2004-07-15,1284,5
983097,4502,2,2004-11-22,1407,5
2536517,4502,1,2004-05-20,3643,5
1602153,4502,2,2004-05-09,2329,5
1639792,4502,1,2003-08-31,2378,5
2017112,4502,2,2005-11-12,2921,5
1002509,4502,1,2004-03-27,1431,5
1890044,4502,1,2004-08-08,2733,5
1567792,4502,4,2005-05-17,2283,5
2636318,4502,5,2005-04-16,3792,5
1631534,4502,1,2004-07-26,2363,5
539743,4502,1,2005-04-21,798,5
914547,4503,4,2005-07-06,1320,6
306466,4503,3,2001-05-22,419,6
1945809,4503,1,2001-05-23,2812,6
1109700,4503,5,2001-09-25,1575,6
1331887,4503,3,2002-04-10,1938,6
2084572,4503,3,2002-04-12,3024,6
1276913,4503,2,2003-08-05,1852,6
1744889,4503,3,2002-09-04,2529,6
2628220,4503,4,2004-06-10,3775,6
1644750,4503,3,2003-08-04,2385,6
1242432,4503,3,2004-07-12,1791,6
1296163,4503,3,2004-10-01,1886,6
1989800,4503,4,2004-11-05,2873,6
466862,4503,4,2005-06-03,673,6
14690,4503,3,2000-07-29,17,6
861088,4503,3,2000-08-17,1249,6
635363,4503,4,2001-04-18,928,6
326587,4503,3,2002-12-03,459,6
1438855,4503,3,2002-03-01,2092,6
2082617,4503,3,2005-05-22,3016,6
2609870,4503,1,2005-10-18,3751,6
603277,4503,1,2000-02-02,885,6
1998117,4503,3,2002-03-12,2893,6
76196,4503,3,2001-12-05,104,6
1714006,4503,5,2004-08-30,2491,6
2503887,4503,4,2004-07-27,3598,6
2161899,4503,3,2005-05-06,3127,6
2259898,4503,3,2004-07-23,3252,6
1651246,4503,1,2004-01-03,2397,6
2637831,4503,2,2004-08-26,3794,6
2551641,4503,4,2003-07-23,3656,6
1053801,4503,4,2004-01-04,1499,6
119287,4503,3,2003-09-14,166,6
958125,4503,3,2004-04-14,1370,6
316685,4503,3,2004-12-07,439,6
2430016,4503,4,2005-01-10,3489,6
2312349,4503,3,2005-04-20,3326,6
1148490,4503,1,2005-06-01,1644,6
1959265,4503,4,2001-02-12,2830,6
1277134,9211,1,2003-12-02,1854,7
2435457,9211,2,2005-06-01,3501,7
2338545,9211,3,2001-02-17,3356,7
2218269,9211,1,2002-12-27,3186,7
441153,9211,4,2002-10-11,642,7
1921624,9211,2,2005-08-31,2769,7
2096652,9211,3,2004-05-31,3045,7
818736,9211,2,2004-02-17,1190,7
284560,9211,3,2003-07-27,390,7
1211224,9211,5,2004-05-08,1742,7
1984086,9211,1,2004-09-16,2866,7
1389539,9211,3,2005-06-07,2015,7
454575,9211,2,2004-10-23,665,7
149028,9211,3,2003-06-19,204,7
1105843,9211,2,2005-04-07,1570,7
353813,9211,2,2004-08-05,501,7
903779,9211,3,2001-05-21,1308,7
639194,9211,2,2003-10-19,941,7
308031,9211,4,2000-09-07,422,7
1794933,9211,1,2003-02-14,2605,7
625085,9211,3,2004-05-21,916,7
893673,9211,2,2000-12-04,1295,7
1704675,9211,2,2001-04-10,2473,7
2116614,9211,3,2002-07-17,3063,7
371300,9211,2,2004-08-10,531,7
1172345,9211,1,2005-04-23,1675,7
823026,9211,2,2004-01-08,1197,7
2241971,9211,2,2002-04-19,3222,7
1173009,9211,2,2004-02-15,1677,7
440727,9211,1,2001-08-23,640,7
2443370,9211,3,2002-08-04,3511,7
85279,9211,2,2004-04-23,118,7
1785621,9211,2,2004-04-18,2592,7
1620439,9211,3,2005-05-07,2353,7
1792790,9211,3,2003-12-08,2601,7
155342,9211,1,2003-01-21,213,7
1583838,9211,4,2004-08-13,2306,7
1503647,9211,1,2004-02-02,2181,7
737709,9211,1,2004-10-18,1069,7
1559022,9211,3,2004-05-15,2262,7
569379,9211,3,2004-11-22,837,7
690965,9211,2,2005-07-13,1005,7
1873127,9211,2,2001-04-14,2708,7
694791,9211,3,2005-03-01,1013,7
791076,9211,2,2005-07-03,1151,7
2041150,9211,3,2004-12-15,2957,7
1864787,9211,1,2005-06-06,2701,7
1147765,9211,2,2005-11-16,1642,7
2396806,9211,1,2004-02-08,3441,7
124810,9211,1,2005-01-01,179,7
2127114,9211,1,2000-12-25,3087,7
2455949,9211,1,2003-11-24,3537,7
727242,9211,1,2003-10-05,1060,7
981593,9211,3,2000-11-24,1405,7
1725009,9211,2,2004-07-12,2501,7
1369550,9211,4,2004-08-09,1992,7
151048,9211,4,2004-07-19,206,7
235031,9211,2,2000-09-12,327,7
1120781,9211,4,2002-03-27,1594,7
255960,9211,2,2003-02-14,356,7
162925,9211,3,2003-05-05,224,7
1054564,9211,2,2005-03-08,1500,7
2379278,9211,2,2004-02-29,3412,7
2322224,9211,2,2000-06-15,3337,7
2411610,9211,2,2002-06-23,3463,7
555509,9211,1,2004-09-18,819,7
1794320,9211,3,2004-07-28,2604,7
391799,9211,3,2000-06-16,568,7
2237185,9211,1,2001-07-07,3213,7
782611,9211,1,2002-07-28,1138,7
1970847,9211,2,2004-02-01,2848,7
2197514,9211,3,2004-01-29,3163,7
2173078,9211,2,2005-02-14,3139,7
1139570,9211,3,2001-05-16,1630,7
1842197,9211,2,2003-03-08,2666,7
1003143,9211,1,2004-01-20,1432,7
1383706,9211,2,2001-02-18,2005,7
2439493,9211,1,2003-01-15,3506,7
2615661,9211,3,2002-07-04,3759,7
447282,9211,3,2005-05-06,651,7
586257,9211,2,2005-10-19,860,7
1141213,9211,2,2003-03-07,1634,7
8121,9211,1,2004-05-11,10,7
97578,9211,2,2003-07-27,135,7
1914525,9211,2,2004-04-05,2761,7
2055733,9211,3,2005-01-04,2981,7
2532220,9211,3,2005-09-08,3633,7
394622,9211,4,2004-10-22,573,7
869373,9211,2,2003-09-27,1261,7
284489,9211,2,2005-01-29,389,7
833381,9211,4,2004-11-15,1215,7
1310195,9211,2,2005-09-21,1898,7
1959049,9211,3,2001-11-25,2829,7
932046,9211,1,2003-10-11,1341,7
2015927,9211,2,2003-12-23,2917,7
2442581,9211,2,2002-09-03,3510,7
2017364,9211,2,2003-03-20,2922,7
632193,9211,1,2002-10-09,924,7
671743,9211,2,2003-06-06,984,7
42128,9211,3,2004-04-05,58,7
670205,9211,3,2004-07-26,981,7
52439,9211,3,2005-01-12,74,7
1409687,9211,2,2004-05-04,2052,7
735260,9211,2,2005-05-24,1067,7
1473980,9211,3,2005-09-26,2130,7
565510,9211,2,2000-05-15,829,7
1607747,9211,2,2000-12-30,2341,7
2509542,9211,4,2005-08-02,3606,7
659285,9211,4,2003-05-28,966,7
83914,9211,5,2005-04-11,115,7
410402,9211,2,2002-09-12,593,7
862592,9211,3,2005-06-01,1251,7
1316718,9211,3,2004-03-22,1913,7
380673,9211,3,2005-01-24,547,7
1935614,9211,1,2005-10-03,2796,7
44159,9211,4,2005-11-21,63,7
127671,9211,3,2002-11-23,182,7
1194698,9211,2,2004-02-19,1714,7
1006570,9211,4,2005-01-24,1436,7
1320684,9211,3,2004-10-28,1922,7
367127,9211,2,2001-03-03,524,7
2420844,9211,2,2005-08-02,3478,7
1903324,9211,1,2004-01-28,2746,7
512490,9211,4,2003-07-05,744,7
2565600,9211,2,2005-04-23,3676,7
1162050,9211,1,2000-09-15,1666,7
1943605,9211,3,2004-05-12,2807,7
943817,9211,3,2002-08-01,1348,7
882543,9211,5,2005-03-16,1285,7
501823,9211,5,2005-05-31,725,7
1922072,9211,3,2000-09-05,2771,7
2457095,9211,2,2004-11-15,3539,7
269316,9211,3,2005-03-24,373,7
1876520,9211,1,2002-06-13,2715,7
1933832,9211,2,2002-10-02,2792,7
34092,9211,1,2005-08-09,47,7
2451907,9211,3,2004-04-06,3530,7
1611056,9211,2,2005-03-25,2347,7
902293,9211,4,2003-07-07,1306,7
1200651,9211,3,2003-11-20,1721,7
590607,9211,3,2003-07-18,868,7
2157535,9211,3,2004-08-26,3120,7
1997212,9211,2,2002-10-22,2890,7
2190310,9211,1,2001-04-02,3154,7
554137,9211,3,2004-08-23,817,7
1554887,9211,3,2004-04-05,2252,7
975712,9211,3,2005-05-01,1397,7
196716,9211,5,2004-03-21,275,7
2112141,9211,3,2001-01-19,3058,7
1488776,9211,1,2004-06-07,2157,7
1586546,9211,3,2004-11-09,2311,7
1120581,9211,2,2004-09-14,1593,7
494200,9211,2,2003-12-21,715,7
1268483,9211,3,2004-07-27,1837,7
1575729,9211,2,2004-11-24,2297,7
1548355,9211,3,2005-07-02,2240,7
1061993,9211,2,2005-10-31,1508,7
671859,9211,2,2001-07-24,985,7
2432474,9211,2,2003-09-14,3496,7
998502,9211,3,2004-10-19,1426,7
1297706,9211,4,2002-05-14,1887,7
1754537,9211,2,2002-08-03,2537,7
1346837,9211,3,2002-07-03,1956,7
1994646,9211,2,2005-08-22,2884,7
2273948,9211,3,2005-10-17,3272,7
1191743,9211,3,2002-05-31,1708,7
452494,9211,3,2004-06-12,658,7
1552084,9211,2,2004-05-20,2247,7
437840,9211,3,2004-10-18,632,7
176853,9211,2,2005-01-25,240,7
2047178,9211,3,2005-04-20,2965,7
1551018,9211,5,2001-01-24,2245,7
363777,9211,3,2003-06-10,516,7
613651,9211,3,2005-08-05,897,7
776126,9211,3,2004-04-22,1126,7
838584,9211,1,2001-12-07,1222,7
2052290,9211,2,2004-03-01,2975,7
1957786,9211,3,2004-04-08,2826,7
2417531,9211,3,2003-10-07,3473,7
1349656,9211,3,2004-08-16,1965,7
701443,9211,2,2002-08-09,1018,7
1362004,9211,3,2005-09-06,1982,7
900992,9211,2,2003-09-07,1303,7
9557,9211,2,2004-03-04,12,7
1664010,9211,3,2005-10-13,2414,7
2125415,9211,2,2002-04-18,3080,7
2296108,9211,2,2004-09-04,3300,7
305343,9211,2,2005-07-15,416,7
1563783,9211,1,2002-04-26,2275,7
511942,9211,1,2003-05-20,742,7
776905,9211,4,2005-09-03,1128,7
943538,9211,3,2004-02-20,1347,7
2334472,9211,2,2005-01-04,3354,7
985372,9211,2,2002-04-27,1411,7
1848257,9211,1,2004-10-31,2672,7
156898,9211,1,2005-06-01,215,7
550341,9211,2,2003-05-20,814,7
1502539,9211,1,2003-01-22,2179,7
619027,9211,2,2002-10-17,904,7
1811248,9211,1,2004-01-06,2626,7
1377382,9211,4,2005-02-25,1996,7
2180934,9211,2,2002-03-27,3149,7
751829,9211,5,2005-04-19,1088,7
285330,9211,2,2005-10-12,391,7
491739,9211,4,2000-09-15,711,7
919160,9211,2,2003-01-13,1325,7
1677588,9211,1,2002-02-19,2430,7
2553038,9211,3,2005-08-15,3658,7
1725751,9211,2,2003-08-28,2503,7
25049,9211,1,2004-05-18,33,7
2509048,9211,4,2004-03-29,3605,7
1733851,9211,3,2004-09-17,2510,7
1325847,9211,4,2005-03-18,1928,7
1749706,9211,3,2005-07-04,2530,7
2273061,9211,2,2004-06-08,3271,7
1965022,9211,2,2005-09-19,2843,7
1780748,9211,3,2005-12-21,2584,7
2326523,9211,3,2003-06-30,3345,7
956510,9211,3,2004-11-18,1367,7
1568841,9211,3,2003-12-09,2285,7
285400,9211,1,2005-01-23,392,7
2497577,9211,2,2005-04-11,3586,7
828349,9211,2,2000-11-15,1204,7
2076738,9211,1,2002-03-14,3009,7
1051931,9211,4,2005-09-04,1496,7
2100306,9211,1,2004-03-30,3046,7
1275931,9211,3,2004-10-20,1849,7
2019240,9211,2,2005-03-05,2928,7
710049,9211,3,2003-07-22,1032,7
1664033,9211,1,2003-06-17,2415,7
1270278,9211,2,2004-07-18,1839,7
1961656,9211,1,2001-01-23,2838,7
644154,9211,1,2003-07-02,945,7
2251124,9211,2,2004-10-18,3235,7
2291306,9211,2,2004-02-19,3291,7
2456905,9211,3,2004-07-01,3538,7
604661,9211,1,2005-06-01,888,7
1523169,9211,2,2003-12-23,2210,7
677888,9211,3,2003-12-31,990,7
2088567,9211,4,2004-05-25,3031,7
1087376,9211,2,2005-09-10,1540,7
2524717,9211,3,2005-01-04,3622,7
1238184,9211,1,2002-06-14,1786,7
991810,9211,5,2005-02-18,1420,7
1122906,9211,2,2005-03-25,1600,7
418550,9211,2,2005-02-23,607,7
2385512,9211,1,2005-05-23,3427,7
914940,9211,2,2005-08-05,1321,7
2301108,9211,1,2004-03-12,3306,7
2002198,9211,3,2003-09-22,2897,7
448086,9211,3,2003-12-18,653,7
1184029,9211,1,2005-01-04,1695,7
1042584,9211,1,2001-07-10,1485,7
2433610,9211,2,2002-05-16,3498,7
2394704,9211,1,2005-11-09,3438,7
529889,9211,3,2001-02-11,773,7
700049,9211,3,2002-01-24,1016,7
491531,9211,1,2002-08-04,710,7
341933,9211,3,2004-09-01,479,7
1811259,9211,3,2005-11-25,2627,7
2413595,9211,4,2003-10-06,3467,7
411852,9211,3,2004-10-05,598,7
1348456,9211,1,2002-10-10,1961,7
1950613,9211,3,2003-03-03,2818,7
2649308,9211,2,2004-02-04,3810,7
1726040,9211,1,2000-12-26,2504,7
2034012,9211,1,2003-04-04,2949,7
1623198,9211,3,2003-04-01,2355,7
812119,9211,3,2005-06-10,1180,7
2144716,9211,4,2003-05-09,3103,7
111690,9211,3,2004-03-15,159,7
1409036,9211,2,2003-05-14,2051,7
438814,9211,2,2000-09-20,636,7
119601,9211,2,2003-01-18,167,7
2501510,9211,3,2004-03-18,3591,7
1041253,9211,2,2004-08-24,1484,7
2510970,9211,1,2001-09-08,3608,7
352712,9211,3,2002-04-18,497,7
318235,9211,1,2003-09-30,443,7
2302920,9211,2,2002-05-07,3312,7
1048813,9211,3,2002-04-04,1492,7
1431136,9211,2,2004-06-18,2076,7
1539884,9211,1,2004-01-28,2227,7
360005,9211,2,2005-02-23,509,7
2513067,9211,2,2005-02-28,3610,7
789014,9211,3,2005-03-22,1145,7
2295594,9211,3,2002-05-19,3297,7
798296,9211,1,2002-10-19,1163,7
2308465,9211,2,2004-04-27,3321,7
1933656,9211,2,2004-06-16,2791,7
2105815,9211,3,2004-12-22,3052,7
399971,9211,3,2004-12-30,578,7
848891,9211,3,2005-09-09,1230,7
1240950,9211,2,2005-10-21,1788,7
1635121,9211,3,2000-06-02,2371,7
957156,9211,3,2002-09-19,1368,7
515016,9211,1,2004-03-11,749,7
2266937,9211,4,2004-01-19,3259,7
508927,9211,3,2003-06-25,739,7
1627955,9211,1,2004-05-12,2358,7
1389358,9211,5,2004-09-15,2014,7
2646347,9211,3,2004-07-01,3805,7
1301942,9211,1,2004-12-28,1890,7
1608476,9211,4,2005-02-27,2343,7
229716,9211,4,2002-01-17,317,7
305344,9211,1,2003-05-22,417,7
372888,9211,1,2003-12-10,536,7
427379,9211,1,2004-07-15,619,7
73988,9211,2,2005-01-08,97,7
349905,9211,2,2003-05-02,494,7
1068647,9211,2,2003-10-22,1515,7
637596,9211,3,2002-03-14,937,7
2118771,9211,2,2001-01-05,3068,7
1444817,9211,2,2002-06-29,2097,7
1075294,9211,2,2004-06-13,1523,7
853266,9211,3,2002-10-30,1239,7
1104415,9211,3,2004-03-04,1566,7
261806,9211,3,2005-01-25,363,7
718565,9211,4,2002-04-30,1046,7
1988735,9211,2,2002-11-06,2871,7
851211,9211,3,2004-10-24,1234,7
649017,9211,2,2004-09-13,949,7
2372703,9211,3,2003-12-09,3403,7
2640278,9211,4,2004-04-25,3796,7
2586088,9211,3,2004-11-21,3704,7
1214492,9211,1,2000-11-28,1750,7
1851166,9211,1,2003-06-09,2676,7
2584676,9211,1,2005-12-22,3701,7
1087451,9211,2,2005-12-26,1543,7
1985315,9211,2,2001-07-16,2867,7
1586276,9211,1,2002-08-22,2309,7
161081,9211,2,2002-06-08,220,7
2451635,9211,3,2004-07-08,3529,7
2155529,9211,3,2004-10-12,3118,7
108936,9211,3,2004-07-11,154,7
411512,9211,1,2001-10-04,596,7
159159,9211,2,2004-01-27,218,7
1898553,9211,2,2003-07-07,2740,7
2287125,9211,2,2003-12-18,3288,7
2644945,9211,2,2004-03-17,3801,7
1283171,9211,4,2004-05-08,1863,7
2224330,9211,4,2005-10-23,3195,7
2044154,9211,2,2005-09-06,2961,7
1891929,9211,3,2005-03-29,2734,7
743654,9211,3,2003-07-02,1079,7
752642,9211,1,2001-05-26,1089,7
105864,9211,2,2005-07-18,150,7
878468,9211,1,2002-07-24,1282,7
1075444,9211,2,2004-02-10,1525,7
1158274,9211,1,2003-12-10,1661,7
1449064,9211,3,2004-11-04,2106,7
1279037,9211,1,2004-08-22,1857,7
949243,9211,3,2004-07-21,1359,7
579100,9211,2,2004-12-20,847,7
558852,9211,1,2002-12-21,823,7
1394605,9211,3,2003-01-08,2026,7
983702,9211,3,2003-06-09,1408,7
1107588,9211,1,2004-02-22,1572,7
1582190,9211,4,2005-12-22,2304,7
826696,9211,2,2000-10-11,1200,7
1318530,9211,3,2003-01-16,1915,7
924886,9211,2,2003-08-07,1333,7
2232952,9211,4,2005-06-17,3206,7
2242346,9211,3,2002-09-05,3223,7
950079,9211,1,2002-08-09,1360,7
2056022,9211,2,2004-01-27,2983,7
1660384,9211,3,2004-05-17,2411,7
201405,9211,3,2004-03-05,280,7
2141091,9211,3,2005-09-20,3099,7
1958917,9211,3,2005-12-07,2828,7
478261,9211,4,2003-07-12,697,7
2529418,9211,2,2003-12-08,3629,7
1757056,9211,1,2005-04-06,2542,7
812125,9211,1,2003-01-14,1181,7
2528285,9211,3,2004-10-04,3627,7
465414,9211,1,2004-11-21,670,7
1793809,9211,2,2002-07-23,2602,7
2226220,9211,1,2002-08-15,3199,7
29687,9211,2,2004-07-08,39,7
795658,9211,3,2000-07-27,1161,7
1354717,9211,2,2004-01-26,1971,7
374967,9211,3,2005-08-25,540,7
411290,9211,2,2004-01-16,595,7
479481,9211,1,2004-05-04,699,7
1221408,9211,2,2004-10-05,1759,7
1228644,9211,3,2001-01-21,1771,7
1447172,9211,3,2005-09-02,2102,7
415605,9211,2,2005-03-27,604,7
2031314,9211,3,2005-04-27,2946,7
908626,9211,5,2004-01-09,1313,7
1516350,9211,2,2004-05-19,2203,7
746375,9211,3,2001-10-03,1083,7
1519378,9211,2,2005-02-06,2206,7
84737,9211,3,2001-12-06,117,7
1080875,9211,2,2002-10-10,1536,7
201579,9211,1,2005-08-15,281,7
2118461,9211,2,2005-10-22,3065,7
2636145,9211,2,2004-01-11,3791,7
98300,9211,3,2005-10-08,138,7
2412878,9211,2,2003-07-14,3464,7
1860304,9211,1,2004-06-03,2692,7
2598035,9211,2,2004-04-07,3730,7
2593295,9211,3,2005-01-29,3720,7
2061495,9211,3,2005-03-28,2990,7
2179594,9211,5,2005-05-16,3147,7
1548363,9211,2,2005-06-27,2241,7
74501,9211,1,2000-04-18,102,7
1460630,9211,1,2001-05-28,2118,7
2254751,9211,2,2001-07-27,3245,7
387418,9211,3,2003-07-31,561,7
721443,9211,2,2004-03-22,1049,7
1607539,9211,3,2004-07-12,2338,7
853156,9211,4,2005-05-05,1237,7
1121618,9211,2,2005-09-12,1595,7
2508312,9211,2,2000-12-31,3603,7
1382559,9211,4,2004-08-03,2004,7
2085318,9211,3,2002-10-10,3025,7
2503236,9211,4,2004-01-15,3596,7
1114324,9211,3,2005-02-26,1583,7
930061,9211,3,2005-05-25,1337,7
1306863,9211,1,2002-06-19,1894,7
2158527,9211,2,2002-05-10,3124,7
2077456,9211,1,2000-09-09,3011,7
340968,9211,4,2005-07-28,477,7
1945029,9211,3,2004-09-10,2810,7
873478,9211,1,2004-09-30,1271,7
2107068,9211,3,2004-11-23,3054,7
581089,9211,2,2002-09-14,851,7
772337,9211,3,2004-08-03,1122,7
2619337,9211,3,2004-09-25,3764,7
2305283,9211,2,2005-09-20,3317,7
1321549,9211,2,2001-02-12,1924,7
756162,9211,3,2004-06-27,1097,7
2356240,9211,3,2003-07-16,3377,7
2364743,9211,2,2004-09-13,3389,7
909164,9211,2,2005-02-22,1317,7
2572690,9211,3,2000-12-18,3687,7
1028541,9211,2,2002-03-08,1471,7
1843888,9211,2,2003-04-05,2668,7
74273,9211,4,2002-11-20,101,7
1436116,9211,2,2004-05-06,2087,7
1369362,9211,3,2004-06-29,1991,7
1950312,9211,3,2001-01-26,2817,7
673305,9211,2,2002-11-20,987,7
1093270,9211,3,2003-03-17,1550,7
1674535,9211,2,2004-11-22,2428,7
462444,9211,2,2005-07-23,667,7
1334775,9211,2,2004-09-03,1939,7
1109887,9211,2,2004-06-01,1576,7
337292,9211,4,2004-08-03,472,7
1917207,9211,3,2005-04-21,2763,7
1668584,9211,3,2003-06-24,2424,7
2219034,9211,1,2002-03-18,3187,7
1249490,9211,3,2004-04-06,1803,7
33639,9211,1,2003-01-08,45,7
1639792,9211,1,2002-04-09,2378,7
1233297,9211,2,2002-12-25,1777,7
1668157,9211,1,2001-07-15,2422,7
2344962,9211,2,2001-05-30,3366,7
2347651,9211,1,2003-01-14,3369,7
1531924,9211,1,2004-07-05,2219,7
2491076,9211,5,2003-12-01,3580,7
2500583,9211,3,2004-01-25,3590,7
1127117,9211,3,2002-12-08,1610,7
1555156,9211,3,2005-07-18,2253,7
2502275,9211,2,2002-11-19,3593,7
774535,9211,3,2005-10-17,1124,7
1937340,9211,1,2002-08-06,2798,7
146587,9211,2,2002-11-19,202,7
721603,9211,3,2003-08-15,1050,7
1908051,9211,2,2004-10-08,2755,7
1838390,9211,3,2000-06-25,2659,7
663118,9211,1,2003-07-11,977,7
1367218,9211,3,2004-05-18,1989,7
940778,9211,2,2003-01-05,1345,7
2534532,9211,4,2002-12-31,3640,7
1852040,9211,1,2004-05-13,2678,7
446485,9211,2,2004-10-06,649,7
1005297,9211,2,2004-01-20,1433,7
1076210,9211,3,2003-08-21,1526,7
1353056,9211,3,2003-08-18,1970,7
1990525,9211,2,2003-06-03,2875,7
2435256,9211,3,2005-03-24,3500,7
2556226,9211,4,2003-06-09,3665,7
224933,9211,3,2004-05-03,313,7
315602,9211,1,2000-06-27,436,7
1276983,9211,2,2002-11-19,1853,7
403118,9211,3,2005-11-04,585,7
51013,9211,1,2001-04-02,71,7
1290587,9211,4,2002-03-20,1878,7
1988192,9211,1,2004-06-07,2870,7
819317,9211,3,2005-04-04,1193,7
865516,9211,1,2005-07-09,1256,7
326668,9211,2,2001-01-13,460,7
418066,9211,2,2005-05-09,606,7
1100008,9211,1,2004-04-03,1556,7
138549,9211,3,2005-06-27,196,7
2374451,9211,2,2005-05-20,3404,7
1414512,9211,3,2002-12-19,2054,7
2025567,9211,2,2002-07-20,2936,7
2118903,9211,1,2003-07-12,3069,7
1712839,9211,5,2003-04-07,2488,7
1561134,9211,2,2002-08-17,2267,7
2357791,9211,1,2003-10-07,3379,7
1378111,9212,5,2005-07-12,1999,8
2517152,9212,5,2005-03-06,3612,8
1228922,9212,4,2005-09-20,1772,8
961416,9212,4,2003-08-20,1374,8
2450541,9212,5,2004-12-20,3527,8
789493,9212,3,2005-07-20,1146,8
499914,9212,5,2005-02-22,721,8
2620585,9212,3,2004-11-15,3766,8
2207774,9212,4,2005-02-03,3172,8
2625420,9212,2,2005-03-16,3774,8
1650301,9212,2,2005-06-14,2395,8
1380043,9212,5,2002-06-01,2001,8
2340465,9212,3,2004-09-10,3359,8
619705,9212,5,2005-07-28,905,8
2036527,9212,5,2005-04-01,2952,8
1750553,9212,4,2005-05-29,2531,8
304575,9212,5,2003-08-24,415,8
2260788,9212,1,2003-06-30,3254,8
2358633,9212,5,2005-03-22,3381,8
47411,9212,4,2005-06-07,69,8
140922,9212,1,2003-08-26,197,8
2372093,9212,4,2004-03-11,3402,8
878145,9212,5,2004-09-22,1281,8
1260386,9212,4,2002-12-01,1827,8
384378,9212,4,2004-07-18,554,8
205729,9212,4,2003-06-17,289,8
1640558,9212,3,2004-02-08,2380,8
1253465,9212,4,2005-04-05,1816,8
200255,9212,4,2003-08-11,278,8
1224299,9212,3,2005-03-18,1762,8
1202949,9212,4,2005-05-03,1728,8
1684337,9212,5,2005-06-11,2445,8
2119491,9212,5,2005-09-04,3070,8
583999,9212,5,2005-09-25,855,8
2126162,9212,5,2004-11-30,3082,8
86365,9212,5,2005-05-18,122,8
1120202,9212,5,2005-11-14,1592,8
1181550,9212,4,2003-09-19,1691,8
659831,9212,3,2003-08-13,970,8
427928,9212,3,2003-12-09,621,8
651657,9212,2,2004-12-14,954,8
512295,9212,4,2005-06-10,743,8
902532,9212,5,2005-06-28,1307,8
1216648,9212,4,2005-09-07,1753,8
1681133,9212,5,2005-12-19,2436,8
431732,9212,2,2003-05-26,625,8
2158080,9212,5,2003-03-23,3122,8
1771735,9212,4,2005-06-29,2567,8
1033629,9212,3,2005-09-20,1477,8
330551,9212,5,2004-09-21,463,8
1212397,9212,3,2004-12-03,1744,8
1049979,9212,1,2005-01-23,1494,8
962439,9212,5,2005-06-27,1377,8
766064,9212,5,2005-06-28,1109,8
2093058,9212,1,2004-01-24,3037,8
207574,9212,1,2005-02-20,292,8
2172106,9212,5,2005-05-12,3137,8
2286671,9212,4,2005-06-08,3285,8
1391554,9212,3,2004-04-29,2019,8
178352,9212,2,2004-10-16,243,8
1392484,9212,2,2004-11-12,2022,8
1986895,9212,5,2005-07-06,2869,8
537175,9212,5,2005-01-31,792,8
609070,9212,1,2003-07-30,893,8
1471876,9212,4,2003-12-19,2127,8
1830763,9212,3,2004-08-10,2650,8
1809284,9212,4,2004-10-23,2624,8
1520166,9212,1,2004-11-29,2207,8
1973956,9212,5,2005-04-26,2855,8
2094556,9212,5,2005-05-23,3039,8
1244392,9212,3,2005-10-21,1795,8
359359,9212,2,2002-05-03,507,8
756163,9212,3,2004-04-09,1098,8
2534322,9212,1,2004-11-18,3638,8
1923334,9212,5,2005-09-01,2775,8
1729930,9212,4,2005-09-18,2506,8
1845337,9212,2,2005-11-13,2669,8
2280656,9212,2,2004-10-22,3277,8
2284938,9212,5,2004-12-30,3283,8
2257811,9212,1,2005-01-11,3248,8
177037,9212,4,2004-05-05,241,8
727483,9212,3,2005-09-07,1061,8
1282549,9212,5,2005-02-21,1861,8
2404756,9212,3,2005-03-21,3451,8
1189488,9212,5,2005-06-07,1700,8
448201,9212,5,2004-09-25,655,8
630226,9212,4,2005-03-14,921,8
2543455,9212,1,2004-08-13,3651,8
716874,9212,4,2005-06-21,1045,8
386158,9212,4,2005-11-24,557,8
293766,9212,5,2005-02-05,401,8
1347949,9212,5,2005-03-04,1958,8
625403,9212,5,2005-05-03,918,8
2144973,9212,4,2005-06-07,3105,8
1540794,9212,3,2005-06-16,2230,8
1330878,9212,5,2005-06-21,1935,8
2535229,9212,4,2005-09-26,3641,8
1249798,9212,4,2005-12-02,1804,8
1600039,9212,5,2004-09-06,2325,8
514165,9212,1,2005-01-25,745,8
1918857,9212,4,2005-04-06,2767,8
830282,9212,5,2005-04-26,1209,8
790397,9212,1,2005-11-11,1148,8
2184810,9212,4,2005-08-02,3151,8
1200930,9212,5,2005-06-27,1723,8
1473666,9212,4,2002-05-02,2128,8
2006223,9212,4,2004-03-22,2904,8
1683196,9212,5,2004-08-07,2442,8
2296027,9212,4,2004-11-19,3299,8
2118528,9212,4,2002-11-06,3066,8
599334,9212,5,2005-01-04,882,8
289839,9212,4,2005-02-01,397,8
2143074,9212,4,2002-06-25,3100,8
849001,9212,4,2003-07-24,1231,8
1329408,9212,4,2005-07-06,1934,8
1633347,9212,5,2005-02-26,2368,8
1563429,9212,3,2005-05-04,2273,8
729556,9212,3,2005-03-02,1063,8
40842,9212,3,2002-11-27,53,8
1734371,9212,5,2005-07-29,2511,8
1314869,9212,4,2005-02-06,1908,8
1176462,9212,4,2005-06-12,1681,8
1425332,9212,5,2005-06-20,2066,8
1654733,9212,5,2005-10-23,2403,8
1832256,9212,5,2005-11-03,2651,8
1894023,9212,5,2004-08-07,2737,8
1377848,9212,5,2005-07-13,1998,8
473817,9212,5,2005-01-31,685,8
1137400,9212,5,2005-12-17,1628,8
1200886,9212,4,2002-06-25,1722,8
1234055,9212,4,2003-09-06,1779,8
692876,9212,5,2005-07-05,1010,8
1243451,9212,5,2005-01-28,1794,8
2380716,9212,4,2005-05-10,3416,8
611870,9212,4,2005-06-13,894,8
1408341,9212,5,2005-06-21,2050,8
1112193,9212,5,2005-11-15,1580,8
2026084,9212,2,2002-07-03,2939,8
1897340,9212,5,2004-07-22,2739,8
2618652,9212,3,2005-07-07,3762,8
928664,9212,4,2005-03-01,1336,8
1742749,9212,5,2004-07-30,2524,8
1647226,9212,3,2005-07-21,2393,8
436072,9212,5,2005-02-26,630,8
2593882,9212,1,2003-06-26,3721,8
1210717,9212,1,2004-08-26,1741,8
2062350,9212,5,2004-12-16,2993,8
596474,9212,5,2005-07-21,878,8
397684,9212,5,2005-07-25,577,8
64830,9212,5,2005-04-02,87,8
1819462,9212,1,2005-04-28,2637,8
2439493,9212,1,2005-02-02,3506,8
2102534,9212,1,2005-04-02,3048,8
484301,9212,5,2005-10-29,705,8
211381,9212,5,2004-11-27,297,8
854998,9212,4,2003-12-16,1241,8
621815,9212,1,2005-07-26,911,8
2511101,9212,1,2003-02-21,3609,8
1552265,9212,1,2004-03-13,2249,8
299945,9212,5,2005-08-29,410,8
1467756,9212,4,2005-02-22,2124,8
1946585,9212,5,2005-05-23,2814,8
1134379,9212,4,2005-05-24,1624,8
676684,9212,4,2005-06-02,988,8
1591085,9212,5,2005-10-10,2315,8
270523,9212,3,2004-11-17,375,8
860349,9212,3,2005-10-18,1247,8
157980,9212,5,2003-05-12,217,8
365596,9212,1,2003-10-19,521,8
2390099,9212,4,2005-01-11,3434,8
1141718,9212,5,2005-09-18,1635,8
428427,9212,3,2004-11-06,622,8
1539150,9212,5,2005-07-10,2226,8
2482738,9212,1,2005-08-10,3568,8
1235602,9212,5,2005-09-27,1781,8
8336,9212,2,2003-05-29,11,8
1559911,9212,1,2002-10-25,2264,8
1689598,9212,3,2004-01-19,2455,8
123151,9212,5,2004-04-26,176,8
769512,9212,4,2004-11-01,1118,8
678022,9212,5,2005-02-01,991,8
1078620,9212,5,2005-04-02,1530,8
1059719,9212,4,2005-06-20,1505,8
219174,9212,3,2003-10-17,305,8
2253553,9212,5,2004-12-26,3243,8
2251225,9212,4,2005-05-02,3237,8
2367510,9212,5,2005-09-10,3395,8
63149,9212,5,2002-11-24,85,8
1556391,9212,5,2005-02-02,2254,8
165247,9212,5,2005-04-08,225,8
714327,9212,5,2005-06-12,1038,8
1140762,9212,5,2005-09-28,1632,8
2398061,9212,5,2002-04-23,3444,8
2169359,9212,3,2004-04-14,3134,8
706638,9212,4,2005-07-26,1027,8
2204483,9212,4,2005-05-03,3168,8
1560283,9212,1,2005-05-31,2265,8
1473980,9212,1,2005-09-08,2130,8
1396806,9212,5,2004-10-20,2029,8
448083,9212,4,2005-01-10,652,8
294638,9212,3,2005-04-06,403,8
633570,9212,2,2004-10-08,925,8
2323671,9212,4,2005-03-12,3340,8
2381193,9212,5,2005-06-24,3419,8
349928,9212,4,2002-06-07,495,8
410078,9212,3,2004-08-10,592,8
2605105,9212,3,2004-06-01,3743,8
152807,9212,5,2005-03-09,208,8
1093198,9212,4,2005-04-05,1549,8
594841,9212,5,2005-09-26,876,8
307180,9212,5,2005-11-28,420,8
202678,9212,1,2002-12-16,283,8
522846,9212,4,2005-07-22,761,8
1384992,9212,5,2005-10-10,2007,8
2172885,9212,1,2005-11-12,3138,8
217481,9212,1,2004-04-19,304,8
2147203,9212,3,2005-08-10,3110,8
947031,9212,2,2005-08-18,1357,8
1258763,9212,3,2005-08-19,1823,8
403504,9212,5,2005-02-16,586,8
1438147,9212,5,2005-05-19,2091,8
1595451,9212,5,2005-11-28,2319,8
1234163,9212,3,2003-07-14,1780,8
314635,9212,1,2003-07-28,434,8
2362208,9212,4,2004-08-10,3385,8
1584290,9212,4,2005-07-27,2307,8
2043339,9212,1,2005-02-08,2960,8
1702841,9212,1,2005-06-10,2470,8
1087416,9212,1,2005-06-25,1542,8
130338,9212,5,2005-07-01,187,8
874505,9212,5,2005-09-26,1272,8
2647713,9212,3,2004-01-25,3807,8
2042140,9212,5,2004-11-21,2958,8
1903324,9212,1,2004-12-07,2746,8
2283873,9212,3,2005-01-13,3282,8
116962,9212,5,2005-06-20,164,8
1390768,9212,1,2005-12-22,2016,8
105509,9212,2,2003-10-02,148,8
814789,9212,4,2004-11-23,1183,8
769702,9212,1,2005-02-26,1120,8
1999176,9212,2,2005-06-19,2895,8
2452478,9212,4,2003-07-29,3531,8
1986034,9212,1,2003-06-30,2868,8
412164,9212,5,2005-03-03,599,8
606249,9212,1,2003-11-17,890,8
1637126,9212,3,2004-08-20,2374,8
1423977,9212,3,2004-11-06,2064,8
1452494,9212,4,2005-06-02,2109,8
2558262,9212,1,2005-06-21,3668,8
1983202,9212,3,2002-09-17,2863,8
1114349,9212,2,2003-01-22,1585,8
1430258,9212,5,2004-05-16,2074,8
1885242,9212,5,2004-04-24,2728,8
538999,9212,5,2005-09-08,796,8
1809161,9212,4,2005-01-25,2623,8
981366,9212,5,2005-04-29,1403,8
927286,9212,3,2005-05-16,1334,8
331269,9212,5,2005-05-25,464,8
1757328,9212,2,2005-09-30,2543,8
274975,9212,5,2005-11-26,383,8
659061,9212,5,2003-09-15,965,8
1957360,9212,5,2005-07-24,2825,8
1693002,9212,4,2005-06-24,2458,8
2091526,9212,3,2003-11-12,3035,8
2030226,9212,4,2004-06-20,2943,8
1827729,9212,3,2003-07-11,2647,8
268946,9212,3,2004-03-10,372,8
34166,9212,5,2005-07-18,48,8
835265,9212,2,2005-07-25,1216,8
2398923,9212,1,2005-02-11,3446,8
1385788,9212,1,2005-02-21,2008,8
2432155,9212,5,2005-04-17,3495,8
2011258,9212,5,2004-03-27,2910,8
204177,9212,2,2003-07-20,288,8
2483851,9212,4,2004-08-21,3570,8
1542686,9212,5,2004-10-01,2232,8
1660196,9212,5,2005-01-06,2410,8
404854,9212,1,2005-03-28,587,8
443572,9212,4,2005-04-14,645,8
28258,9212,5,2005-05-23,37,8
1995832,9212,4,2003-05-20,2886,8
120762,9212,5,2004-09-12,170,8
580145,9212,3,2003-07-14,849,8
1905560,9212,3,2005-02-28,2749,8
2368807,9212,5,2005-05-25,3397,8
579917,9212,2,2003-07-05,848,8
1724818,9212,5,2004-05-25,2499,8
1997148,9212,5,2005-12-08,2889,8
775171,9212,1,2002-11-15,1125,8
440964,9212,5,2005-07-24,641,8
1263008,9212,5,2005-05-16,1831,8
1413633,9212,5,2005-06-08,2053,8
1954678,9212,4,2005-10-23,2822,8
1928961,9212,1,2003-08-11,2784,8
741977,9212,3,2004-02-01,1075,8
1015048,9212,5,2005-07-13,1451,8
2505164,9212,5,2005-08-22,3599,8
1860768,9212,5,2005-01-30,2695,8
2588759,9212,5,2005-04-07,3710,8
958657,9212,5,2005-09-23,1372,8
1753736,9212,5,2005-10-02,2535,8
1067376,9212,4,2005-07-06,1514,8
1740987,9212,5,2005-07-11,2522,8
1752657,9212,2,2005-02-03,2534,8
2453959,9212,5,2005-07-11,3535,8
1640354,9212,4,2005-07-12,2379,8
41893,9212,5,2005-07-28,57,8
2436585,9212,1,2003-10-12,3504,8
801884,9212,4,2004-05-19,1166,8
1943141,9212,5,2004-11-30,2805,8
81700,9212,1,2005-06-28,113,8
2610745,9212,5,2005-09-23,3752,8
74175,9212,5,2005-08-27,98,8
529545,9212,5,2005-03-31,772,8
588285,9212,5,2005-12-11,865,8
655818,9212,5,2003-07-26,961,8
1421916,9212,4,2004-10-20,2062,8
2209307,9212,5,2005-09-13,3174,8
1573738,9212,5,2005-09-22,2293,8
2359767,9212,5,2004-06-29,3384,8
129975,9212,4,2005-07-14,186,8
2552319,9212,2,2005-04-03,3657,8
540307,9212,5,2005-06-18,800,8
1812408,9212,5,2005-09-25,2628,8
2332659,9212,5,2005-10-18,3352,8
2083367,9212,3,2002-09-26,3020,8
1572525,9212,1,2004-02-14,2290,8
33074,9212,4,2004-07-16,44,8
2212128,9212,5,2005-07-07,3178,8
1447381,9212,4,2002-10-15,2103,8
964881,9212,3,2003-11-11,1382,8
1302673,9212,3,2005-04-07,1891,8
477988,9212,5,2005-04-26,694,8
1960595,9212,3,2005-07-18,2836,8
400674,9212,4,2005-02-17,580,8
1418443,9212,5,2005-04-28,2058,8
477923,9212,3,2005-09-02,693,8
2640853,9212,5,2005-10-18,3797,8
1094381,9212,5,2005-12-04,1552,8
1998723,9212,5,2001-03-01,2894,8
1531183,9212,1,2002-01-23,2218,8
346036,9212,2,2005-07-25,487,8
1643021,9212,3,2005-02-08,2383,8
818416,9212,1,2005-06-16,1189,8
506953,9212,1,2004-10-20,733,8
2597667,9212,5,2004-12-02,3728,8
1101797,9212,5,2005-08-06,1563,8
1758606,9212,5,2005-09-05,2548,8
835473,9212,5,2005-02-17,1217,8
1497593,9212,5,2005-05-12,2174,8
1664010,9212,5,2005-11-12,2414,8
2632722,9212,5,2005-09-10,3785,8
2126441,9212,4,2005-10-24,3085,8
2227665,9212,5,2004-08-06,3202,8
614402,9212,4,2004-07-30,898,8
1804473,9212,5,2005-09-09,2615,8
784914,9212,3,2005-02-03,1140,8
1317690,9212,1,2005-02-06,1914,8
908882,9212,5,2005-03-02,1315,8
1403167,9212,5,2005-09-30,2038,8
1665204,9212,5,2004-03-30,2417,8
1642678,9212,4,2005-07-09,2382,8
1683604,9212,5,2005-03-08,2443,8
507094,9212,4,2005-03-29,734,8
1905364,9212,4,2004-10-13,2748,8
2124728,9212,5,2004-12-27,3077,8
2635011,9212,4,2005-05-21,3788,8
1798940,9212,3,2003-10-27,2606,8
806605,9212,1,2004-08-15,1171,8
2111332,9212,1,2004-10-30,3057,8
688997,9212,2,2004-11-11,1004,8
2211241,9212,3,2005-08-07,3176,8
382989,9212,5,2005-02-17,550,8
1476270,9212,3,2005-06-23,2133,8
862596,9212,1,2005-09-16,1252,8
2414326,9212,1,2004-10-13,3469,8
1035723,9212,5,2005-07-06,1480,8
2488021,9212,5,2005-05-15,3576,8
630964,9212,2,2003-11-21,923,8
1628597,9212,5,2004-10-23,2361,8
307612,9212,5,2005-07-05,421,8
2429098,9212,4,2005-01-21,3488,8
1996307,9212,2,2005-06-12,2887,8
1075147,9212,2,2004-02-20,1522,8
1197905,9212,5,2004-03-25,1718,8
590547,9212,4,2004-11-17,867,8
2409499,9212,5,2005-07-08,3459,8
1968862,9212,3,2005-07-27,2844,8
2519958,9212,1,2005-05-23,3616,8
2175395,9212,5,2005-07-01,3142,8
2479857,9212,3,2002-05-08,3566,8
1284686,9212,4,2004-01-26,1869,8
1677818,9212,5,2003-02-21,2431,8
14164,9212,5,2004-08-18,16,8
1435891,9212,1,2004-09-04,2085,8
2467784,9212,5,2004-04-07,3554,8
1552059,9212,4,2005-07-07,2246,8
648585,9212,2,2005-01-11,948,8
1921661,9212,4,2005-02-21,2770,8
970269,9212,5,2005-02-23,1391,8
2509048,9212,4,2005-04-10,3605,8
2051139,9212,3,2003-09-18,2970,8
160449,9212,4,2005-02-12,219,8
1474258,9212,5,2005-04-27,2131,8
2438256,9212,5,2005-09-25,3505,8
2430907,9212,1,2003-06-13,3492,8
505171,9212,1,2003-06-30,731,8
691722,9212,5,2004-04-18,1007,8
1854658,9212,5,2005-08-31,2685,8
2366024,9212,4,2005-03-17,3391,8
66417,9212,5,2005-06-18,91,8
2216966,9212,1,2005-12-10,3184,8
1678750,9212,5,2005-08-09,2432,8
1319554,9212,5,2005-09-04,1918,8
2137979,9212,3,2005-05-16,3097,8
2395915,9212,5,2005-08-05,3439,8
1650584,9212,5,2005-06-27,2396,8
332627,9212,3,2005-09-15,467,8
1298511,9212,1,2003-07-04,1888,8
533713,9212,4,2005-09-02,785,8
1896666,9212,4,2005-04-09,2738,8
1629440,9212,5,2005-06-28,2362,8
744458,9212,5,2004-04-24,1081,8
711215,9212,4,2005-08-10,1033,8
757582,9212,2,2005-02-06,1100,8
2006011,9212,5,2005-02-08,2902,8
60343,9212,5,2005-05-08,82,8
722222,9212,5,2005-03-15,1053,8
532323,9212,5,2005-05-05,781,8
1776917,9212,4,2005-11-02,2577,8
860716,9212,4,2005-11-14,1248,8
1935793,9212,1,2005-04-11,2797,8
2517727,9212,5,2005-06-30,3614,8
1095761,9212,5,2005-10-21,1554,8
1110254,9212,5,2005-11-01,1577,8
21377,9212,5,2005-11-01,28,8
1773601,9212,4,2003-07-14,2572,8
1764017,9212,5,2005-07-14,2557,8
354296,9212,5,2005-08-12,503,8
262611,9212,5,2005-06-30,365,8
2487779,9212,5,2005-02-20,3575,8
1399457,9212,4,2005-03-11,2032,8
299601,9212,3,2004-09-26,409,8
1029847,9212,3,2004-11-05,1472,8
1144332,9212,5,2004-11-30,1640,8
2462852,9212,3,2005-07-26,3544,8
545664,9212,4,2005-08-16,809,8
2055928,9212,5,2005-07-25,2982,8
78595,9212,5,2005-11-13,108,8
1608091,9212,4,2005-12-09,2342,8
104462,9212,1,2003-08-23,145,8
1882078,9212,3,2003-05-07,2724,8
472334,9212,4,2004-06-23,681,8
384107,9212,5,2005-08-22,552,8
2356782,9212,3,2005-02-17,3378,8
2586121,9212,1,2005-05-07,3705,8
1361279,9212,5,2002-09-17,1979,8
1491102,9212,4,2004-11-23,2161,8
1276071,9212,5,2005-03-23,1850,8
1860383,9212,3,2005-09-12,2693,8
236043,9212,3,2005-02-23,330,8
2194471,9212,5,2005-06-11,3160,8
1709867,9212,3,2003-10-23,2482,8
1730533,9212,4,2004-05-07,2507,8
1232892,9212,1,2005-06-24,1776,8
196062,9212,5,2005-06-24,273,8
1179373,9212,5,2004-09-30,1686,8
2534061,9212,1,2003-02-24,3637,8
1857889,9212,1,2004-02-18,2686,8
1666213,9212,1,2004-12-02,2419,8
491531,9212,1,2005-07-24,710,8
989264,9212,3,2005-03-13,1416,8
1193715,9212,5,2005-03-21,1710,8
2528497,9212,5,2005-08-29,3628,8
1242854,9212,1,2005-06-18,1792,8
182134,9212,4,2005-07-02,248,8
1446054,9212,5,2005-11-11,2100,8
2367141,9212,3,2005-02-11,3393,8
1858927,9212,4,2005-04-15,2690,8
455984,9212,5,2005-06-24,666,8
454204,9212,4,2004-09-04,662,8
90682,9212,5,2005-07-15,126,8
1181795,9212,4,2005-09-08,1692,8
2606799,9212,4,2005-01-31,3746,8
1438031,9212,2,2005-03-19,2090,8
2248476,9212,5,2005-06-08,3232,8
1536218,9212,2,2003-03-25,2223,8
106870,9212,2,2004-05-16,152,8
1787038,9212,5,2005-02-12,2594,8
539278,9212,5,2005-05-29,797,8
2468178,9212,5,2005-09-09,3555,8
1514430,9212,3,2002-01-22,2200,8
1123387,9212,3,2002-06-08,1602,8
1204448,9212,4,2005-06-07,1732,8
1488844,1,3,2005-09-06,2158,0
822109,1,5,2005-05-13,1196,0
885013,1,4,2005-10-19,1289,0
30878,1,4,2005-12-26,42,0
823519,1,3,2004-05-03,1198,0
893988,1,3,2005-11-17,1297,0
124105,1,4,2004-08-05,178,0
1248029,1,3,2004-04-22,1801,0
1842128,1,4,2004-05-09,2665,0
2238063,1,3,2005-05-11,3216,0
1503895,1,4,2005-05-19,2182,0
2207774,1,5,2005-06-06,3172,0
2590061,1,3,2004-08-12,3712,0
2442,1,3,2004-04-14,5,0
543865,1,4,2004-05-28,804,0
1209119,1,4,2004-03-23,1737,0
804919,1,4,2004-06-10,1170,0
1086807,1,3,2004-12-28,1539,0
1711859,1,4,2005-05-08,2487,0
372233,1,5,2005-11-23,534,0
1080361,1,3,2005-03-28,1534,0
1245640,1,3,2005-12-19,1799,0
558634,1,4,2004-12-14,822,0
2165002,1,4,2004-04-06,3131,0
1181550,1,3,2004-02-01,1691,0
1227322,1,4,2004-02-06,1768,0
427928,1,4,2004-02-26,621,0
814701,1,5,2005-09-29,1182,0
808731,1,4,2005-10-31,1175,0
662870,1,5,2005-08-24,976,0
337541,1,5,2005-03-23,473,0
786312,1,3,2004-11-16,1142,0
1133214,1,4,2004-03-07,1622,0
1537427,1,4,2004-03-29,2225,0
1209954,1,5,2005-05-09,1739,0
2381599,1,3,2005-09-12,3420,0
525356,1,2,2004-07-11,766,0
1910569,1,4,2004-04-12,2757,0
2263586,1,4,2004-08-20,3256,0
2421815,1,2,2004-02-26,3480,0
1009622,1,1,2005-01-19,1442,0
1481961,1,2,2005-05-24,2147,0
401047,1,4,2005-06-03,581,0
2179073,1,3,2004-08-29,3146,0
1434636,1,3,2004-05-01,2083,0
93986,1,5,2005-10-06,132,0
1308744,1,5,2005-10-29,1896,0
2647871,1,4,2005-12-30,3808,0
1905581,1,5,2005-08-16,2750,0
2508819,1,3,2004-05-18,3604,0
1578279,1,1,2005-05-19,2299,0
1159695,1,4,2005-02-15,1664,0
2588432,1,3,2005-03-31,3709,0
2423091,1,3,2005-09-12,3483,0
470232,1,4,2004-04-08,677,0
2148699,1,2,2004-06-05,3112,0
1342007,1,3,2004-07-16,1951,0
466135,1,4,2004-07-13,671,0
2472440,1,3,2005-08-13,3558,0
1283744,1,3,2004-04-17,1866,0
1927580,1,4,2004-11-08,2782,0
716874,1,5,2005-05-06,1045,0
4326,1,4,2005-10-29,8,0
1546549,1,5,2004-07-20,2238,0
1493697,1,1,2005-11-01,2168,0
880166,1,5,2005-07-12,1283,0
535396,1,2,2005-02-03,790,0
494609,1,4,2004-12-08,716,0
1961619,1,5,2005-06-01,2837,0
883478,1,4,2005-12-16,1287,0
793564,1,4,2004-04-19,1156,0
1567202,1,2,2004-03-01,2282,0
573537,1,4,2005-02-03,842,0
1972040,1,4,2005-06-02,2852,0
1838912,1,3,2005-11-08,2662,0
411705,1,4,2004-05-11,597,0
2244518,1,5,2004-09-15,3228,0
584542,1,5,2005-02-01,857,0
667730,1,5,2005-05-26,980,0
2488120,1,5,2005-09-20,3577,0
1926776,1,1,2005-10-05,2779,0
38052,1,3,2004-06-03,51,0
1196100,1,4,2004-10-30,1716,0
314933,1,3,2005-09-12,435,0
1792741,1,2,2004-02-09,2600,0
769643,1,1,2004-11-18,1119,0
2477242,1,5,2005-01-30,3563,0
1421006,1,3,2005-08-03,2060,0
729846,1,4,2005-08-09,1064,0
1719610,1,2,2005-08-19,2496,0
1696031,1,4,2005-01-25,2463,0
1817215,1,4,2005-09-01,2634,0
406057,1,4,2004-09-27,588,0
636262,1,1,2005-09-26,931,0
1245406,1,4,2004-12-30,1797,0
1834590,1,3,2005-02-05,2655,0
593225,1,3,2004-07-11,873,0
1011918,1,4,2005-05-28,1446,0
1665054,1,4,2005-07-06,2416,0
2630337,1,5,2005-03-10,3779,0
1155747,1,3,2005-07-03,1658,0
2439493,1,1,2004-02-06,3506,0
479924,1,5,2005-08-02,701,0
530789,1,5,2005-03-29,776,0
765860,1,4,2005-06-13,1108,0
231001,1,3,2005-01-03,323,0
1493615,1,5,2005-05-23,2167,0
1850615,1,2,2005-07-12,2675,0
68959,1,3,2005-08-11,95,0
147386,1,5,2004-09-19,203,0
624035,1,5,2004-02-19,915,0
782308,1,5,2004-07-02,1137,0
1116080,1,5,2005-08-08,1588,0
421374,1,5,2004-11-17,610,0
1158759,1,4,2004-06-13,1662,0
1025798,1,3,2005-09-02,1468,0
1215397,1,5,2005-07-19,1752,0
2475251,1,4,2005-08-25,3560,0
321111,1,2,2005-05-02,449,0
2162676,1,3,2005-08-01,3128,0
2635437,1,4,2004-12-19,3789,0
2389367,1,1,2004-07-01,3433,0
485622,1,5,2005-08-01,707,0
235553,1,4,2004-07-15,328,0
831869,1,4,2005-06-02,1213,0
99400,1,5,2005-09-16,141,0
684876,1,4,2005-11-01,997,0
1871179,1,3,2004-12-08,2706,0
1107678,1,5,2005-03-15,1574,0
642036,1,3,2005-09-21,943,0
700890,1,5,2004-05-06,1017,0
2289956,1,5,2004-04-29,3290,0
2040859,1,1,2004-11-23,2956,0
1524964,1,3,2005-04-19,2214,0
121318,1,4,2005-06-06,172,0
317050,1,5,2005-11-15,440,0
2287003,1,5,2004-12-20,3287,0
59052,1,2,2004-07-12,81,0
893742,1,4,2005-04-27,1296,0
1346257,1,3,2005-08-23,1954,0
55016,1,3,2004-05-12,77,0
30245,1,5,2004-10-19,41,0
743633,1,4,2005-08-09,1078,0
1596531,1,5,2004-01-23,2320,0
1125499,1,5,2005-01-31,1606,0
706832,1,4,2005-05-06,1028,0
2465337,1,3,2005-04-04,3549,0
2291422,1,1,2005-08-28,3292,0
1777406,1,3,2005-01-02,2580,0
1904905,1,4,2005-05-13,2747,0
2450433,1,3,2005-01-08,3526,0
1348967,1,2,2004-06-21,1962,0
638020,1,3,2005-08-10,939,0
2217779,1,4,2005-02-14,3185,0
194280,1,1,2004-12-14,270,0
493009,1,4,2005-03-27,713,0
1567167,1,4,2005-09-11,2281,0
850327,1,5,2005-09-18,1232,0
520386,1,3,2005-10-25,758,0
320540,1,2,2005-07-26,445,0
1188228,1,2,2004-12-05,1698,0
57961,1,4,2004-11-09,80,0
1113230,1,3,2005-05-04,1581,0
1374216,1,2,2005-09-23,1994,0
595778,1,3,2004-03-03,877,0
209573,1,4,2005-10-31,296,0
2354601,1,5,2005-12-10,3375,0
2563596,1,4,2004-04-04,3673,0
835265,1,4,2005-09-01,1216,0
1819474,1,3,2004-04-03,2638,0
1447104,1,3,2004-08-28,2101,0
1100940,1,1,2005-10-24,1560,0
143274,1,3,2005-08-31,199,0
2329565,1,4,2005-01-19,3349,0
181592,1,4,2005-03-26,245,0
936396,1,2,2004-02-09,1343,0
1125797,1,3,2004-07-05,1607,0
2283366,1,3,2004-12-27,3281,0
514495,1,4,2005-04-13,747,0
1772176,1,3,2005-09-27,2568,0
1877347,1,4,2005-07-13,2716,0
1287892,1,4,2005-05-17,1871,0
255443,1,2,2005-05-23,355,0
890669,1,4,2005-11-02,1293,0
1989766,1,4,2005-07-08,2872,0
2315073,1,4,2004-03-24,3331,0
14756,1,4,2005-12-27,18,0
907623,1,3,2004-05-11,1311,0
991423,1,4,2004-10-24,1417,0
1604238,1,4,2005-06-02,2332,0
1027056,1,3,2005-12-03,1470,0
2025883,1,5,2005-03-24,2938,0
732936,1,5,2005-04-24,1066,0
563962,1,5,2005-11-09,826,0
799442,1,4,2005-11-21,1164,0
352635,1,5,2004-05-11,496,0
2537543,1,5,2005-10-26,3645,0
1564395,1,4,2005-07-09,2278,0
1655178,1,4,2004-08-26,2404,0
573434,1,4,2004-05-26,841,0
1141189,1,4,2004-12-15,1633,0
383247,1,5,2005-02-03,551,0
1763921,1,5,2004-05-10,2556,0
1943970,1,5,2004-09-20,2808,0
322009,1,3,2004-05-20,451,0
2333817,1,3,2004-10-22,3353,0
2095681,1,2,2005-10-29,3042,0
1149588,1,4,2005-12-13,1646,0
2354740,1,5,2005-05-05,3376,0
2421360,1,5,2005-10-19,3479,0
496087,1,2,2004-04-25,718,0
2191781,1,1,2005-04-03,3158,0
1694083,1,4,2005-10-03,2459,0
818416,1,3,2005-07-27,1189,0
701960,1,5,2005-04-29,1021,0
2090477,1,4,2005-06-28,3033,0
1664010,1,5,2005-10-12,2414,0
2583822,1,5,2005-08-17,3699,0
369646,1,5,2005-04-30,528,0
2234063,1,4,2005-05-11,3210,0
259799,1,4,2005-06-23,361,0
1077982,1,4,2004-03-16,1529,0
2631796,1,4,2005-09-27,3783,0
1122383,1,3,2004-10-22,1598,0
1508526,1,3,2004-07-25,2190,0
1600207,1,5,2004-04-17,2326,0
1283117,1,5,2005-03-18,1862,0
1727869,1,5,2005-07-11,2505,0
1522799,1,4,2004-10-19,2209,0
1394012,1,5,2005-12-19,2024,0
1558286,1,3,2005-03-15,2257,0
1155602,1,3,2005-07-05,1657,0
361066,1,3,2004-09-24,510,0
1743210,1,5,2005-09-22,2527,0
1148389,1,4,2004-04-03,1643,0
2268101,1,4,2005-10-28,3263,0
519684,1,5,2005-07-25,757,0
767518,1,5,2005-08-02,1112,0
122197,1,1,2005-03-09,174,0
2112162,1,4,2005-10-14,3059,0
1073367,1,3,2005-07-25,1518,0
400162,1,5,2004-11-08,579,0
1524343,1,5,2005-03-24,2212,0
741245,1,4,2005-06-28,1074,0
2563768,1,3,2005-07-04,3674,0
1406595,1,4,2005-08-27,2046,0
1137010,1,4,2004-10-05,1627,0
60343,1,5,2005-05-08,82,0
225765,1,4,2004-05-10,314,0
2530404,1,3,2004-05-01,3631,0
437881,1,3,2004-11-17,633,0
1935793,1,1,2005-04-18,2797,0
134001,1,4,2005-05-06,191,0
2607300,1,3,2005-07-25,3747,0
1008986,1,4,2004-10-25,1441,0
94565,1,4,2004-12-15,133,0
828410,1,4,2005-01-03,1205,0
1805202,1,4,2005-10-03,2616,0
1922925,1,4,2004-04-03,2774,0
1435717,1,5,2005-08-11,2084,0
2277395,1,4,2004-03-09,3275,0
2305014,1,5,2004-08-31,3316,0
166041,1,4,2005-09-02,228,0
2413320,1,4,2004-02-06,3466,0
87113,1,2,2005-09-21,123,0
722591,1,5,2004-03-08,1055,0
2291306,1,1,2004-03-01,3291,0
2010770,1,4,2004-12-30,2909,0
255383,1,5,2005-04-10,354,0
1873429,1,4,2005-10-27,2709,0
1647618,1,4,2005-08-27,2394,0
608234,1,5,2005-02-25,891,0
42930,1,3,2005-05-14,61,0
1462072,1,5,2005-06-22,2120,0
685565,1,5,2005-09-26,999,0
3321,1,3,2005-09-27,7,0
2554942,1,4,2005-10-03,3664,0
1874547,1,4,2004-08-11,2711,0
2269844,1,5,2005-11-02,3268,0
34907,1,3,2005-08-17,49,0
1779903,1,4,2005-06-04,2583,0
2576424,1,4,2005-08-10,3693,0
230112,1,3,2004-08-26,320,0
508727,1,3,2004-07-11,738,0
1603525,1,3,2004-10-13,2331,0
172264,1,4,2005-09-17,235,0
1182185,1,4,2005-10-06,1693,0
2275470,1,2,2005-10-05,3274,0
491531,1,5,2005-02-17,710,0
1346432,1,4,2005-11-15,1955,0
1554712,1,5,2004-10-27,2251,0
1450941,1,5,2005-09-13,2107,0
1714116,1,3,2005-08-09,2492,0
2016488,1,4,2004-11-22,2918,0
1782762,1,4,2005-01-19,2586,0
1343170,1,5,2005-02-26,1952,0
2565752,1,4,2004-12-10,3678,0
435841,1,3,2005-09-19,629,0
2242821,1,5,2005-08-29,3224,0
638824,1,5,2004-05-19,940,0
2256485,1,1,2004-08-19,3247,0
101597,1,5,2004-10-01,143,0
623036,1,5,2005-05-16,914,0
1559445,1,5,2005-06-08,2263,0
1723381,1,5,2005-08-30,2498,0
1824586,1,4,2005-03-03,2644,0
2233105,1,4,2005-09-08,3208,0
682963,1,3,2005-06-21,995,0
2529547,1,5,2005-11-18,3630,0
504620,1,2,2005-08-12,729,0
1682104,1,4,2005-08-30,2440,0
16272,1,4,2005-01-20,22,0
2491785,1,5,2005-05-09,3582,0
978412,1,5,2005-07-02,1401,0
2054145,1,3,2005-07-28,2978,0
2444240,1,3,2005-08-14,3515,0
547732,1,3,2005-06-11,811,0
811790,1,5,2005-09-02,1179,0
31913,1,4,2004-10-15,43,0
437111,1,4,2005-06-27,631,0
640588,1,4,2004-09-06,942,0
2625019,1,3,2005-09-12,3772,0
2605190,1,5,2005-11-05,3744,0
915,1,5,2005-08-17,0,0
1430587,1,4,2005-05-18,2075,0
2544219,1,5,2005-11-20,3652,0
2603381,1,5,2005-11-29,3738,0
305344,1,1,2004-02-08,417,0
2569099,1,1,2005-08-16,3682,0
2430356,1,4,2004-07-15,3490,0
885165,1,4,2005-06-02,1290,0
2380806,1,5,2005-09-06,3417,0
1512406,1,1,2005-10-03,2197,0
1774623,1,4,2005-11-23,2574,0
2226525,1,4,2005-02-08,3201,0
2537076,1,4,2005-10-17,3644,0
2060858,1,4,2005-05-09,2988,0
498469,1,5,2005-03-22,720,0
68033,1,4,2005-10-04,94,0
1819146,1,5,2005-08-15,2636,0
2088415,1,4,2005-02-01,3029,0
473070,1,5,2005-04-06,683,0
1823641,1,5,2004-03-29,2641,0
1839976,1,2,2004-03-31,2663,0
14924,1,5,2005-10-04,19,0
1852606,1,4,2004-07-23,2679,0
453694,1,5,2004-07-21,661,0
921487,1,2,2004-07-19,1328,0
1022254,1,5,2004-09-15,1461,0
2464081,1,4,2005-01-22,3547,0
1228324,1,4,2005-11-12,1769,0
1563530,1,4,2004-08-18,2274,0
1181170,1,3,2004-09-08,1690,0
1357013,1,3,2004-10-02,1974,0
21722,1,4,2005-02-07,29,0
288420,1,5,2005-06-02,394,0
1739170,1,5,2005-09-19,2520,0
2584676,1,3,2005-08-06,3701,0
2013504,1,4,2005-08-10,2916,0
1245176,1,4,2004-07-27,1796,0
269524,1,3,2005-03-05,374,0
661344,1,3,2005-03-16,975,0
652324,1,3,2004-04-15,956,0
2239213,1,3,2005-08-24,3218,0
863302,1,4,2004-08-19,1253,0
758850,1,4,2004-09-21,1102,0
1884755,1,2,2004-11-15,2727,0
544833,1,3,2005-09-27,808,0
1562707,1,1,2005-07-25,2272,0
810700,1,5,2004-08-31,1177,0
837756,1,5,2004-10-26,1221,0
155164,1,4,2004-10-29,212,0
493945,1,5,2005-04-12,714,0
1565175,1,5,2004-08-10,2279,0
2005193,1,4,2005-11-17,2901,0
1605780,1,4,2004-09-17,2336,0
1294335,1,2,2004-09-22,1882,0
608576,1,4,2005-03-19,892,0
659505,1,4,2005-05-16,968,0
1604707,1,4,2005-10-17,2333,0
2630797,1,5,2005-12-09,3781,0
402266,1,5,2004-10-16,582,0
752642,1,3,2004-02-24,1089,0
1906145,1,4,2005-07-19,2751,0
389872,1,2,2005-08-09,565,0
1462866,1,2,2004-10-09,2123,0
1952116,1,4,2005-04-28,2820,0
54774,1,4,2005-05-25,76,0
1776980,1,5,2005-10-13,2578,0
1494196,1,5,2004-02-29,2170,0
253794,1,5,2004-08-10,351,0
1569513,1,3,2004-02-26,2287,0
596728,1,2,2004-04-26,880,0
1107588,1,1,2004-02-22,1572,0
1133763,1,3,2005-05-15,1623,0
1398076,1,4,2004-07-02,2030,0
1178171,1,4,2004-07-01,1683,0
984369,1,3,2005-08-25,1409,0
2618594,1,4,2004-07-27,3761,0
1653834,1,4,2004-08-22,2400,0
2322840,1,3,2005-07-12,3339,0
2207647,1,4,2004-08-12,3171,0
1994111,1,4,2005-01-11,2883,0
1824044,1,4,2004-04-29,2642,0
2255037,1,3,2004-06-01,3246,0
2056022,1,3,2004-11-22,2983,0
1458179,1,4,2005-01-26,2115,0
1508350,1,4,2005-06-27,2189,0
1168571,1,5,2005-09-14,1670,0
766489,1,3,2005-10-01,1110,0
1424199,1,5,2005-08-08,2065,0
2054180,1,3,2004-07-09,2979,0
448902,1,5,2005-07-20,656,0
1547173,1,3,2005-11-18,2239,0
1751103,1,4,2004-08-05,2532,0
121073,1,5,2004-12-16,171,0
2609436,1,4,2004-11-09,3750,0
1398626,1,2,2004-12-03,2031,0
1311231,1,3,2004-03-30,1902,0
2279000,1,3,2005-02-18,3276,0
236921,1,5,2005-03-19,334,0
2566259,1,5,2005-04-06,3680,0
758937,1,4,2005-10-24,1103,0
2260684,1,4,2004-11-08,3253,0
1190829,1,4,2004-02-10,1704,0
136106,1,3,2005-08-08,193,0
344753,1,3,2004-07-21,482,0
568930,1,5,2005-05-02,834,0
206115,1,4,2005-08-23,290,0
2390644,1,3,2004-09-06,3435,0
2078679,1,5,2005-01-07,3013,0
1682651,1,4,2005-05-02,2441,0
386915,1,4,2005-05-27,559,0
972136,1,3,2005-06-20,1393,0
1806515,1,3,2005-09-29,2619,0
11589,1,3,2005-10-19,14,0
2118461,1,5,2005-10-24,3065,0
444411,1,3,2004-09-05,646,0
691108,1,4,2005-02-27,1006,0
332401,1,3,2005-04-28,466,0
1278488,1,4,2005-04-27,1856,0
358776,1,4,2005-11-21,506,0
387418,1,1,2004-02-08,561,0
872408,1,4,2005-08-26,1270,0
646098,1,4,2004-07-19,947,0
396595,1,5,2005-02-13,576,0
1366860,1,4,2004-01-26,1988,0
1046882,1,3,2004-08-12,1490,0
470861,1,5,2004-06-28,678,0
1455257,1,4,2004-09-17,2111,0
1274780,1,3,2004-10-11,1846,0
379184,1,4,2005-02-11,545,0
1273630,1,4,2005-09-08,1844,0
492291,1,3,2005-06-06,712,0
145873,1,3,2004-02-25,201,0
1388284,1,5,2004-12-21,2012,0
712610,1,4,2005-04-27,1035,0
1116065,1,1,2005-05-03,1587,0
660499,1,1,2005-07-08,973,0
1918987,1,4,2005-07-10,2768,0
1357894,1,3,2004-09-09,1976,0
190418,1,3,2004-09-30,262,0
1060658,1,3,2005-03-23,1506,0
1443203,1,4,2005-05-22,2095,0
1772839,1,5,2005-09-19,2570,0
2385774,1,3,2004-04-07,3430,0
1059319,1,3,2005-10-10,1504,0
831775,1,4,2005-10-15,1212,0
881346,1,5,2005-11-07,1284,0
1066317,1,4,2004-05-07,1511,0
13651,1,3,2004-06-16,15,0
208920,1,4,2005-01-23,293,0
308753,1,5,2005-10-31,423,0
2564257,1,3,2005-11-27,3675,0
565041,1,4,2004-08-23,828,0
1602153,1,4,2005-06-13,2329,0
173930,1,4,2005-06-30,237,0
202811,1,3,2005-07-18,284,0
353369,1,3,2005-08-01,499,0
1201176,1,4,2005-05-02,1724,0
2047577,1,3,2005-05-27,2966,0
685113,1,4,2005-10-24,998,0
1686060,1,5,2004-03-21,2448,0
151004,1,5,2004-07-09,205,0
2126192,1,3,2004-04-16,3083,0
1981464,1,4,2005-08-16,2860,0
1862581,1,4,2004-06-08,2697,0
1255780,1,5,2005-03-28,1820,0
1962300,1,3,2005-06-22,2839,0
1515355,1,3,2004-05-12,2201,0
1001779,1,4,2005-09-09,1430,0
2093105,1,3,2004-06-17,3038,0
1123959,1,3,2005-01-05,1603,0
1876297,1,5,2005-05-19,2713,0
1364481,1,4,2004-05-29,1985,0
998236,1,5,2004-06-23,1425,0
328415,1,3,2004-11-01,461,0
1347129,1,4,2005-01-24,1957,0
1117062,1,4,2005-07-07,1591,0
1033930,1,3,2005-08-11,1478,0
45117,1,5,2005-08-15,67,0
1005769,1,5,2004-09-28,1434,0
712609,1,4,2005-03-20,1034,0
740495,1,4,2005-02-05,1072,0
2497991,1,4,2005-07-07,3587,0
1017324,1,4,2005-04-05,1454,0
120491,1,5,2004-09-13,169,0
1645794,1,4,2005-04-05,2387,0
1658790,1,3,2005-06-23,2407,0
2451020,1,4,2004-09-14,3528,0
1878798,1,4,2005-01-11,2721,0
1790903,1,4,2005-04-23,2598,0
1254683,1,1,2004-02-13,1817,0
874943,1,5,2005-03-22,1274,0
121456,1,4,2005-04-19,173,0
1140108,1,4,2005-09-20,1631,0
515436,1,1,2005-02-13,750,0
272689,1,5,2005-03-03,377,0
1247177,1,3,2005-12-04,1800,0
263240,1,3,2004-07-07,366,0
2539549,1,3,2005-02-23,3650,0
2565654,1,5,2004-11-15,3677,0
334701,1,3,2005-02-07,471,0
42921,1,3,2005-10-04,60,0
2011399,1,5,2005-08-08,2911,0
433945,1,5,2004-11-06,628,0
2151149,1,4,2005-01-13,3114,0
1415954,1,2,2005-02-14,2056,0
1086360,1,3,2005-03-10,1538,0
2419258,1,4,2005-08-12,3476,0
2380848,1,5,2005-01-11,3418,0
1550216,1,1,2005-02-07,2243,0
596533,1,5,2005-03-20,879,0
287901,1,5,2005-05-30,393,0
188613,1,4,2005-09-15,261,0
1654508,1,3,2005-04-25,2401,0
1313126,1,5,2005-04-27,1905,0
51334,1,4,2005-05-18,73,0
2374451,1,4,2005-06-05,3404,0
2031093,1,4,2005-06-30,2945,0
548064,1,5,2005-12-02,812,0
946102,1,5,2005-02-02,1353,0
1790158,1,4,2005-05-17,2596,0
1403184,1,3,2005-11-12,2039,0
1535440,1,4,2005-08-18,2222,0
1426604,1,4,2005-09-01,2069,0
1815755,1,5,2004-07-20,2631,0
2059652,2,4,2005-09-05,2986,1
1666394,2,3,2005-04-19,2420,1
1759415,2,4,2005-04-22,2549,1
1959936,2,5,2005-11-21,2833,1
998862,2,4,2004-11-13,1427,1
2625420,2,2,2004-12-06,3774,1
573975,2,3,2005-07-21,843,1
392722,2,4,2004-12-10,569,1
1401650,2,4,2005-02-24,2036,1
988104,2,3,2005-05-23,1414,1
977632,2,4,2004-11-12,1400,1
2557870,2,4,2005-03-27,3667,1
1793899,2,5,2005-06-04,2603,1
1340535,2,5,2004-12-12,1950,1
1888322,2,5,2005-01-20,2730,1
1283598,2,3,2004-11-30,1865,1
1784150,2,4,2005-06-17,2589,1
2271251,2,5,2005-08-19,3270,1
65932,2,3,2005-07-19,88,1
1828884,2,5,2004-12-21,2648,1
1878728,2,4,2005-12-01,2720,1
1922778,2,3,2005-02-07,2773,1
1176404,2,4,2005-02-23,1680,1
2265116,2,3,2005-09-06,3257,1
1078701,2,4,2005-10-12,1531,1
1832577,2,4,2005-09-07,2652,1
748922,2,5,2005-07-05,1084,1
1013802,2,1,2005-05-30,1448,1
1131325,2,2,2005-11-14,1615,1
2244378,2,4,2005-02-09,3227,1
494639,2,2,2005-09-26,717,1
636262,2,1,2005-08-23,931,1
1903158,2,4,2005-03-04,2745,1
220427,2,4,2005-05-05,309,1
2439493,2,1,2005-02-10,3506,1
2225116,2,4,2005-08-29,3197,1
1445632,2,5,2005-01-30,2099,1
2592823,2,4,2005-02-06,3718,1
1288603,2,5,2005-06-20,1873,1
2556926,2,3,2005-07-09,3666,1
1190070,2,4,2005-11-05,1702,1
1312846,2,3,2005-08-26,1904,1
2226229,2,3,2005-04-24,3200,1
1563935,2,1,2005-08-12,2276,1
69809,2,5,2005-04-08,96,1
1349753,2,3,2005-03-23,1966,1
785768,2,3,2005-04-19,1141,1
426476,2,5,2005-05-10,617,1
810636,2,4,2005-04-25,1176,1
468713,2,5,2005-07-18,675,1
222290,2,4,2005-03-14,312,1
349407,2,5,2005-01-02,492,1
311232,2,2,2005-06-28,430,1
2596999,2,4,2005-10-07,3725,1
1025601,2,5,2005-11-09,1467,1
1743759,2,4,2005-01-30,2528,1
2385553,2,5,2005-05-24,3428,1
1374216,2,1,2005-09-25,1994,1
526466,2,4,2005-03-05,767,1
2648861,2,3,2005-05-25,3809,1
1210631,2,3,2005-03-24,1740,1
2314531,2,4,2005-07-15,3329,1
618272,2,1,2005-08-14,903,1
2532807,2,3,2005-01-28,3634,1
412535,2,4,2005-05-23,600,1
1315005,2,4,2005-06-28,1909,1
1358911,2,5,2005-12-13,1977,1
507603,2,1,2005-07-23,736,1
1507649,2,5,2005-02-17,2187,1
845529,2,5,2005-04-26,1226,1
1479907,2,5,2005-02-28,2142,1
236271,2,2,2005-06-21,331,1
2422676,2,3,2005-04-07,3482,1
1636093,2,5,2005-10-20,2372,1
995594,2,5,2005-01-19,1423,1
1664010,2,4,2005-10-13,2414,1
2431481,2,3,2004-11-18,3493,1
1980668,2,5,2004-12-16,2859,1
402321,2,4,2005-04-18,583,1
1344564,2,3,2005-01-25,1953,1
1632603,2,3,2005-09-09,2364,1
2567280,2,3,2005-03-17,3681,1
1623166,2,3,2005-02-10,2354,1
521932,2,4,2005-01-11,759,1
105086,2,5,2005-09-20,147,1
2072554,2,5,2005-05-05,3006,1
2231529,2,3,2005-08-25,3204,1
2103439,2,2,2005-06-05,3049,1
261764,2,1,2005-11-10,362,1
193476,2,5,2005-03-23,268,1
1576540,2,4,2005-04-14,2298,1
1783594,2,5,2005-03-07,2588,1
503334,2,4,2005-11-25,727,1
183903,2,5,2005-01-30,253,1
2606799,2,1,2005-05-16,3746,1
1236127,2,4,2005-06-07,1783,1
2375962,2,3,2005-07-04,3409,1
2212071,2,3,2005-09-17,3177,1
1252841,2,3,2005-02-06,1812,1
247898,2,5,2005-07-15,341,1
970975,2,3,2005-09-02,1392,1
305344,2,1,2004-10-16,417,1
1581186,2,4,2005-02-27,2302,1
1129620,2,3,2005-09-03,1612,1
584750,2,3,2005-11-27,859,1
11409,2,5,2005-01-13,13,1
1875495,2,2,2005-01-12,2712,1
1403217,2,2,2005-08-17,2040,1
2147527,2,1,2005-11-18,3111,1
2418486,2,4,2005-11-08,3474,1
1476323,2,5,2004-11-22,2134,1
2345723,2,4,2004-12-26,3367,1
2640085,2,5,2005-04-26,3795,1
1803154,2,2,2004-12-14,2614,1
1251170,2,2,2005-02-11,1808,1
527491,2,4,2005-07-30,768,1
391517,2,4,2005-05-16,567,1
1398626,2,3,2005-11-26,2031,1
828919,2,5,2004-12-18,1206,1
196494,2,5,2005-10-03,274,1
715897,2,5,2005-10-18,1044,1
268917,2,2,2005-06-03,371,1
41422,2,4,2005-09-11,55,1
1806515,2,3,2005-09-23,2619,1
2118461,2,4,2005-12-20,3065,1
387418,2,1,2004-11-19,561,1
2019055,2,5,2005-05-12,2927,1
348960,2,1,2005-09-07,490,1
1167731,2,4,2005-06-07,1669,1
2468831,2,5,2005-07-05,3556,1
219925,2,4,2005-04-18,307,1
1025193,2,5,2005-07-07,1465,1
630887,2,5,2005-01-20,922,1
1461435,2,1,2005-03-21,2119,1
1838586,2,1,2005-08-17,2660,1
1515430,2,3,2005-01-27,2202,1
1807053,2,5,2005-04-25,2620,1
1172326,2,5,2005-06-18,1674,1
1785842,2,3,2005-06-01,2593,1
803752,2,3,2004-11-17,1169,1
1581265,2,3,2005-04-15,2303,1
515436,2,1,2005-02-13,750,1
1824543,2,4,2005-04-20,2643,1
1283204,2,3,2004-12-23,1864,1
1272122,2,5,2005-07-25,1841,1
1025579,3,4,2003-03-29,1466,2
712664,3,5,2004-02-01,1036,2
1331154,3,4,2004-07-03,1936,2
2632461,3,3,2005-07-22,3784,2
44937,3,5,2004-06-22,66,2
656399,3,4,2003-09-20,962,2
439011,3,1,2004-01-22,637,2
1436762,3,3,2003-03-17,2089,2
1644750,3,3,2003-03-19,2385,2
2031561,3,4,2004-03-31,2947,2
616720,3,4,2003-08-10,901,2
2467008,3,4,2004-03-15,3551,2
975874,3,5,2004-02-09,1398,2
701730,3,2,2005-10-05,1020,2
1614320,3,4,2003-08-11,2348,2
115498,3,3,2003-07-16,163,2
931626,3,2,2004-07-08,1339,2
699878,3,4,2003-05-02,1015,2
1694958,3,3,2005-08-10,2462,2
66414,3,5,2004-02-21,90,2
2519847,3,5,2003-03-10,3615,2
948069,3,3,2003-05-09,1358,2
67315,3,4,2003-08-25,93,2
704249,3,4,2004-08-16,1022,2
454417,3,4,2004-04-18,663,2
1995318,3,3,2004-07-14,2885,2
2158448,3,5,2005-05-31,3123,2
574843,3,5,2005-06-13,844,2
714960,3,4,2005-06-21,1043,2
620771,3,2,2005-09-26,908,2
253876,3,4,2005-11-01,352,2
1632700,3,4,2005-11-14,2365,2
603277,3,3,2003-06-21,885,2
79160,3,4,2005-07-11,111,2
1859725,3,4,2003-05-30,2691,2
283774,3,5,2003-08-23,388,2
1983667,3,2,2003-08-08,2865,2
2267507,3,4,2004-05-25,3261,2
1813349,3,4,2003-03-18,2629,2
2424721,3,3,2005-09-04,3484,2
1275804,3,4,2003-08-27,1848,2
1204327,3,4,2004-03-16,1731,2
2143489,3,1,2004-08-23,3101,2
672980,3,5,2004-11-18,986,2
166100,3,4,2004-12-17,229,2
2537764,3,5,2005-01-06,3646,2
1650301,3,2,2005-06-17,2395,2
553931,3,4,2005-10-04,816,2
214166,3,3,2005-10-09,299,2
6689,3,4,2003-02-20,9,2
109089,3,5,2003-05-27,155,2
1854303,3,1,2004-05-29,2684,2
525003,3,5,2003-04-30,765,2
2312349,3,4,2003-05-13,3326,2
188416,3,3,2004-01-27,259,2
2213550,3,4,2004-07-01,3180,2
24344,3,4,2004-08-20,32,2
2344483,3,4,2004-09-28,3365,2
531155,3,4,2005-02-28,778,2
1959707,3,3,2005-03-19,2832,2
2120279,3,5,2005-05-15,3072,2
1977959,3,4,2003-02-12,2857,2
21983,3,4,2003-04-19,30,2
2173816,3,1,2003-07-17,3140,2
78931,3,5,2003-07-09,109,2
2145227,3,4,2003-04-07,3106,2
2463079,3,3,2003-08-26,3545,2
1286051,3,3,2004-01-28,1870,2
958104,3,4,2003-09-03,1369,2
489962,3,3,2003-09-03,709,2
2297863,3,4,2004-01-13,3303,2
958382,3,4,2004-08-22,1371,2
248932,3,4,2005-04-03,343,2
1756658,3,3,2005-06-16,2541,2
2579794,3,4,2005-10-26,3697,2
1628475,3,4,2005-11-14,2360,2
206809,3,5,2003-03-05,291,2
1333,3,4,2004-05-18,3,2
445828,3,2,2003-10-28,648,2
2079559,3,5,2004-08-28,3014,2
1007809,3,4,2003-12-16,1438,2
1562675,3,1,2003-03-06,2271,2
1477923,3,4,2003-03-25,2137,2
44783,3,3,2003-11-22,65,2
52540,3,1,2003-03-22,75,2
2436327,3,2,2004-07-13,3503,2
1830211,3,4,2004-10-06,2649,2
1857979,3,2,2005-03-08,2687,2
1198785,3,2,2005-06-30,1719,2
870391,3,2,2003-05-19,1264,2
2164676,3,4,2003-03-03,3130,2
1281996,3,4,2003-07-23,1860,2
1853885,3,4,2004-06-18,2683,2
2646060,3,3,2003-09-24,3803,2
709342,3,4,2003-09-10,1030,2
1195585,3,5,2003-08-04,1715,2
1319527,3,5,2005-01-05,1917,2
1478381,3,4,2005-05-26,2138,2
1658752,3,3,2003-03-09,2406,2
41371,3,5,2004-01-21,54,2
1479793,3,3,2004-01-18,2141,2
1406148,3,3,2004-09-17,2043,2
2446687,3,5,2004-12-14,3520,2
968796,3,3,2005-02-06,1388,2
2266857,3,3,2003-06-13,3258,2
1456369,3,4,2003-07-08,2113,2
1078792,3,4,2005-09-09,1532,2
104768,3,5,2003-11-25,146,2
372528,3,3,2004-06-30,535,2
2240742,3,5,2004-11-05,3220,2
1401399,3,4,2005-04-03,2035,2
402377,3,4,2005-04-10,584,2
51230,3,4,2005-05-22,72,2
2229289,3,4,2005-12-30,3203,2
2554745,3,4,2004-04-08,3662,2
1710932,3,3,2004-08-16,2484,2
1355097,3,4,2003-03-26,1972,2
1231910,3,3,2003-12-23,1774,2
2599552,3,4,2003-04-14,3733,2
1394444,3,5,2005-02-17,2025,2
1094443,3,2,2003-09-04,1553,2
77266,3,2,2003-03-06,105,2
153249,3,4,2003-06-24,210,2
2590630,3,3,2003-10-10,3714,2
2596383,3,3,2005-11-03,3723,2
2601294,3,4,2004-02-10,3737,2
2623268,3,4,2004-12-14,3770,2
1756597,3,5,2005-04-11,2540,2
1673185,3,3,2005-04-14,2427,2
2611525,3,3,2004-02-05,3753,2
2013198,3,4,2003-03-10,2915,2
1704175,3,4,2004-04-29,2471,2
2186436,3,2,2004-04-21,3152,2
2252223,3,5,2004-06-24,3240,2
780282,3,4,2004-06-06,1132,2
203667,3,5,2003-03-25,287,2
2338873,3,5,2003-03-18,3357,2
479779,3,4,2004-01-13,700,2
1927897,3,5,2004-07-27,2783,2
719833,3,4,2003-09-08,1047,2
871489,3,5,2004-09-14,1266,2
968765,3,5,2004-10-11,1387,2
1057518,3,4,2005-01-03,1502,2
257517,3,4,2004-05-17,360,2
2003554,3,4,2003-04-25,2899,2
2203875,3,4,2003-03-07,3166,2
2213289,3,5,2003-06-06,3179,2
2630072,3,3,2003-12-02,3778,2
1142291,3,4,2005-08-22,1636,2
1733188,3,4,2004-03-24,2508,2
1614895,3,4,2003-09-13,2349,2
1947922,3,2,2004-02-19,2815,2
1036823,3,3,2004-09-20,1481,2
786312,3,3,2004-11-06,1142,2
1197233,3,2,2005-02-17,1717,2
1100037,3,3,2005-04-02,1557,2
1130826,3,3,2005-05-02,1614,2
620147,3,5,2005-05-26,907,2
1479047,3,4,2005-09-27,2139,2
1221390,3,4,2003-02-17,1758,2
2193643,3,5,2003-06-04,3159,2
544496,3,2,2004-02-02,806,2
357507,3,3,2003-03-04,505,2
976059,3,3,2004-06-22,1399,2
820624,3,4,2004-02-09,1194,2
924839,3,5,2004-05-18,1332,2
966255,3,4,2004-07-09,1384,2
108052,3,4,2005-03-22,153,2
375319,3,4,2005-09-15,541,2
309333,3,4,2005-10-16,425,2
1599030,3,5,2003-03-05,2323,2
2443370,3,4,2003-07-07,3511,2
871580,3,3,2003-05-13,1268,2
311641,3,1,2005-08-27,431,2
532382,3,4,2003-08-21,782,2
2378011,3,5,2004-01-27,3411,2
946970,3,4,2004-01-23,1356,2
175763,3,4,2004-05-04,238,2
619721,3,4,2004-10-27,906,2
1248452,3,3,2005-01-20,1802,2
1863843,3,2,2005-06-29,2699,2
1915354,3,4,2005-10-20,2762,2
920625,3,2,2005-11-14,1327,2
1100170,3,4,2005-12-18,1558,2
1733406,3,4,2003-03-26,2509,2
755319,3,3,2005-08-14,1094,2
1743030,3,3,2004-04-05,2525,2
309567,3,2,2003-05-07,426,2
2096587,3,5,2003-06-09,3044,2
345869,3,4,2004-08-08,485,2
1544094,3,5,2005-02-22,2234,2
1022903,3,4,2005-09-14,1462,2
290951,3,4,2003-02-24,398,2
1737484,3,4,2004-08-16,2518,2
183215,3,4,2005-08-15,250,2
2065639,3,4,2004-04-02,2998,2
250836,3,3,2005-09-08,346,2
2126122,3,4,2005-02-22,3081,2
1206452,3,4,2005-03-21,1734,2
2068821,3,3,2005-05-30,3002,2
1924939,3,4,2005-10-25,2776,2
1940163,3,4,2005-07-14,2803,2
1033433,3,2,2004-06-05,1476,2
1213801,3,3,2003-04-09,1748,2
1045221,3,1,2003-05-13,1487,2
253037,3,3,2005-08-05,350,2
341954,3,2,2003-12-15,480,2
697945,3,4,2003-05-28,1014,2
1115632,3,3,2003-11-24,1586,2
2103655,3,3,2003-08-01,3050,2
2495200,3,5,2004-10-05,3585,2
714550,3,4,2005-04-02,1040,2
979820,3,1,2005-06-26,1402,2
514312,3,3,2004-05-19,746,2
2025577,3,3,2003-08-22,2937,2
1589677,3,4,2003-06-12,2314,2
425033,3,3,2003-06-13,615,2
2352327,3,4,2004-09-08,3373,2
156078,3,5,2004-08-03,214,2
851855,3,4,2003-05-20,1235,2
2441707,3,3,2003-05-23,3508,2
1278394,3,4,2003-06-07,1855,2
962955,3,2,2003-10-03,1378,2
811218,3,5,2004-05-11,1178,2
636475,3,3,2005-01-29,933,2
1087412,3,4,2005-02-20,1541,2
410537,3,4,2005-06-06,594,2
1586499,3,3,2003-07-28,2310,2
917063,3,4,2003-02-15,1324,2
1023101,3,3,2003-08-04,1463,2
2393306,3,4,2004-08-31,3437,2
788774,3,4,2003-04-25,1144,2
2586963,3,4,2003-06-08,3706,2
2368791,3,3,2003-04-30,3396,2
244266,3,3,2003-12-04,340,2
2622138,3,1,2004-02-23,3768,2
793228,3,4,2004-05-19,1154,2
1283965,3,4,2005-11-08,1867,2
2135038,3,4,2003-10-20,3095,2
722006,3,4,2005-02-20,1052,2
1511683,3,1,2003-05-30,2196,2
1939663,3,4,2003-07-20,2802,2
1763372,3,3,2003-06-18,2551,2
1834472,3,3,2003-04-08,2654,2
209549,3,5,2004-06-15,295,2
515850,3,5,2003-09-23,751,2
1455472,3,2,2004-06-22,2112,2
2301782,3,4,2004-11-08,3308,2
770921,3,5,2004-12-13,1121,2
297498,3,5,2005-04-04,407,2
386510,3,5,2005-09-16,558,2
2494367,3,2,2005-10-08,3584,2
1607574,3,4,2005-10-20,2340,2
1594095,3,4,2004-09-08,2317,2
1124822,3,4,2005-08-15,1605,2
544022,3,3,2004-08-19,805,2
1817216,3,2,2003-06-10,2635,2
1931698,3,2,2004-07-08,2789,2
569099,3,3,2003-05-19,835,2
1771085,3,2,2003-07-21,2565,2
604949,3,4,2004-09-19,889,2
213541,3,3,2004-10-31,298,2
790920,3,3,2004-12-02,1150,2
2554707,3,4,2005-03-08,3661,2
376148,3,5,2005-04-25,542,2
1689439,3,5,2004-06-25,2454,2
2485566,3,5,2004-08-09,3572,2
2232958,3,4,2004-03-01,3207,2
2267858,3,3,2003-04-24,3262,2
1956967,3,4,2005-08-13,2824,2
2494005,3,2,2005-08-27,3583,2
323148,3,3,2003-11-29,453,2
2158065,3,4,2003-10-28,3121,2
2370268,3,4,2003-09-29,3400,2
2152838,3,5,2004-08-01,3115,2
1407746,3,3,2004-08-19,2049,2
1666581,3,4,2005-05-25,2421,2
871548,3,5,2005-03-10,1267,2
2385706,3,4,2003-04-23,3429,2
1969676,3,5,2004-01-26,2847,2
1927329,3,5,2004-01-06,2781,2
1938559,3,5,2004-06-21,2801,2
199769,3,4,2004-01-22,277,2
2576108,3,1,2003-06-16,3692,2
162854,3,4,2004-10-25,223,2
215406,3,5,2005-02-18,302,2
2095263,3,4,2005-05-22,3041,2
556045,3,5,2005-10-18,820,2
817851,3,4,2004-01-17,1186,2
2491399,3,2,2005-07-24,3581,2
1134816,3,4,2003-07-23,1625,2
660454,3,4,2003-03-24,972,2
581199,3,4,2003-10-27,852,2
1545189,3,4,2003-07-07,2235,2
1929487,3,3,2005-09-04,2787,2
528384,3,5,2003-09-26,770,2
2646115,3,3,2003-10-08,3804,2
727242,3,1,2005-01-04,1060,2
883478,3,1,2005-10-27,1287,2
247940,3,4,2003-08-29,342,2
369761,3,3,2003-08-19,529,2
1065126,3,4,2004-03-09,1509,2
1101467,3,4,2003-07-29,1562,2
393413,3,3,2004-04-06,570,2
478176,3,4,2004-05-26,696,2
2385003,13368,4,2004-07-08,3425,9
659432,13368,3,2005-03-16,967,9
751812,13368,2,2002-12-16,1087,9
2625420,13368,2,2004-05-25,3774,9
1650301,13368,1,2005-08-30,2395,9
2269227,13368,4,2005-10-27,3266,9
2220672,13368,4,2002-08-19,3190,9
2500511,13368,4,2003-08-11,3589,9
1452058,13368,2,2005-01-29,2108,9
1624891,13368,3,2002-07-27,2356,9
970031,13368,3,2004-04-14,1390,9
345673,13368,4,2005-04-07,484,9
1426869,13368,5,2005-04-21,2070,9
1037088,13368,2,2005-09-14,1482,9
2079559,13368,5,2005-10-08,3014,9
2175560,13368,5,2005-01-12,3144,9
946805,13368,4,2005-02-09,1354,9
767843,13368,1,2005-05-04,1115,9
464031,13368,3,2001-02-08,669,9
2473764,13368,4,2005-09-26,3559,9
2339119,13368,3,2005-11-27,3358,9
162348,13368,3,2004-06-15,222,9
2622206,13368,4,2005-10-09,3769,9
1558606,13368,3,2004-06-21,2260,9
945258,13368,3,2005-05-03,1350,9
1315220,13368,5,2002-05-15,1910,9
1860412,13368,3,2003-07-29,2694,9
1338852,13368,3,2003-07-14,1947,9
1469354,13368,2,2003-12-19,2125,9
719833,13368,4,2003-07-20,1047,9
310049,13368,2,2004-03-15,427,9
324891,13368,5,2005-04-23,455,9
1203136,13368,3,2001-05-12,1729,9
653471,13368,5,2003-11-03,958,9
17099,13368,3,2004-09-01,23,9
2304670,13368,4,2005-02-10,3315,9
2195992,13368,3,2005-04-16,3161,9
1892937,13368,5,2005-07-25,2735,9
1414863,13368,3,2004-05-19,2055,9
1959288,13368,2,2005-03-02,2831,9
1934640,13368,4,2005-03-17,2793,9
2476255,13368,4,2005-10-09,3561,9
1698528,13368,5,2005-10-07,2465,9
955917,13368,4,2003-08-14,1365,9
2352327,13368,4,2004-09-01,3373,9
364540,13368,3,2004-08-04,517,9
1225326,13368,5,2005-02-11,1764,9
1253156,13368,4,2005-07-07,1813,9
1791854,13368,4,2004-10-31,2599,9
1143351,13368,3,2005-03-01,1638,9
2448082,13368,2,2005-08-19,3523,9
2077104,13368,2,2004-01-29,3010,9
1864362,13368,5,2005-01-12,2700,9
1433951,13368,4,2005-06-28,2080,9
472483,13368,5,2005-09-23,682,9
748973,13368,4,2005-08-27,1085,9
2269838,13368,4,2003-08-19,3267,9
2477177,13368,3,2004-01-06,3562,9
2209858,13368,4,2005-02-13,3175,9
1709239,13368,4,2002-08-17,2481,9
727242,13368,1,2004-05-18,1060,9
274313,13368,2,2003-08-11,382,9
2235013,13368,4,2004-12-29,3211,9
443193,13368,3,2001-02-17,644,9
478176,13368,4,2004-08-25,696,9
1150643,13368,5,2005-09-06,1649,9
544784,13368,4,2005-03-14,807,9
2569291,13368,5,2005-10-11,3683,9
1272379,13368,2,2002-03-06,1842,9
1101438,13368,5,2005-08-15,1561,9
427674,13368,4,2004-02-28,620,9
111211,13368,2,2004-02-02,158,9
871684,13368,4,2005-05-09,1269,9
1329206,13368,4,2005-06-13,1933,9
1116219,13368,5,2002-08-29,1589,9
2479276,13368,4,2005-10-20,3565,9
109389,13368,5,2002-11-13,156,9
487240,13368,1,2005-05-09,708,9
2018935,13368,4,2005-05-18,2926,9
1288980,13368,3,2005-10-05,1874,9
1092081,13368,5,2004-03-05,1548,9
664419,13368,4,2005-08-06,978,9
2380716,13368,3,2003-08-22,3416,9
1964421,13368,5,2004-02-03,2842,9
2120820,13368,5,2004-05-17,3073,9
1685089,13368,4,2001-04-19,2447,9
593440,13368,4,2004-08-28,874,9
892185,13368,4,2005-08-02,1294,9
1290520,13368,4,2004-08-13,1877,9
637621,13368,5,2005-01-28,938,9
475010,13368,4,2005-02-03,688,9
2219254,13368,3,2000-09-20,3188,9
2439493,13368,1,2003-04-03,3506,9
2182356,13368,3,2005-10-01,3150,9
186179,13368,5,2000-03-05,256,9
2245909,13368,4,2004-09-10,3229,9
1672449,13368,3,2005-09-09,2425,9
1324924,13368,5,2005-08-28,1927,9
853194,13368,4,2004-01-20,1238,9
869373,13368,2,2003-11-13,1261,9
907430,13368,2,2005-10-24,1310,9
833381,13368,3,2003-04-09,1215,9
505624,13368,5,2005-11-12,732,9
756011,13368,5,2004-10-14,1096,9
1205638,13368,3,2005-12-01,1733,9
1021948,13368,5,2005-12-07,1460,9
371967,13368,3,2000-03-21,533,9
1570077,13368,3,2002-03-04,2288,9
2343780,13368,4,2004-01-28,3364,9
2136168,13368,2,2005-03-10,3096,9
289594,13368,3,2005-12-12,396,9
1646880,13368,4,2005-02-25,2390,9
768810,13368,2,2003-09-04,1117,9
2221847,13368,5,2005-02-14,3193,9
2455117,13368,4,2005-11-15,3536,9
1218097,13368,4,2005-03-01,1754,9
1431415,13368,5,2005-11-08,2077,9
528559,13368,4,2005-07-28,771,9
2397704,13368,5,2004-01-25,3443,9
1233752,13368,3,2000-01-16,1778,9
2029462,13368,3,2004-02-09,2941,9
2062286,13368,3,2004-01-12,2992,9
1212627,13368,4,2005-01-27,1746,9
1149052,13368,3,2004-07-13,1645,9
1493430,13368,4,2004-07-09,2164,9
2358715,13368,5,2005-09-13,3383,9
1960208,13368,5,2005-09-07,2834,9
1252629,13368,2,2004-03-16,1811,9
634777,13368,5,2004-11-07,927,9
919869,13368,5,2005-11-08,1326,9
1314655,13368,4,2005-01-27,1907,9
1153564,13368,5,2005-06-03,1652,9
1392017,13368,4,2005-10-08,2021,9
1143567,13368,5,2005-10-19,1639,9
532830,13368,5,2005-08-13,783,9
539955,13368,5,2004-04-18,799,9
1077156,13368,3,2004-03-06,1527,9
910262,13368,4,2005-08-14,1319,9
818752,13368,3,2005-02-07,1191,9
1193748,13368,4,2005-03-06,1711,9
2323710,13368,5,2005-07-05,3341,9
2197203,13368,1,2003-09-21,3162,9
1443113,13368,5,2004-07-29,2094,9
231863,13368,4,2004-07-12,325,9
2034459,13368,4,2005-02-18,2950,9
1132600,13368,4,2005-03-10,1618,9
1474444,13368,4,2004-07-06,2132,9
2410057,13368,4,2004-11-27,3460,9
858870,13368,4,2005-08-10,1246,9
220034,13368,5,2005-10-10,308,9
2130148,13368,3,2005-05-06,3089,9
658961,13368,4,2005-06-02,964,9
803544,13368,4,2005-11-25,1168,9
364901,13368,5,2005-08-29,519,9
481721,13368,4,2005-07-26,703,9
2051752,13368,3,2004-12-07,2972,9
1228624,13368,5,2005-05-21,1770,9
202558,13368,3,2003-11-10,282,9
1043652,13368,1,2003-08-13,1486,9
1045479,13368,2,2005-08-30,1488,9
2310338,13368,5,2004-10-21,3325,9
1784446,13368,5,2005-11-22,2590,9
2046421,13368,5,2005-12-09,2963,9
339693,13368,2,2005-02-26,475,9
99847,13368,4,2004-11-16,142,9
2092198,13368,4,2005-06-02,3036,9
897816,13368,3,2005-10-19,1301,9
184705,13368,3,2004-11-18,255,9
2303588,13368,3,2005-02-07,3313,9
2020045,13368,4,2005-05-25,2930,9
2578149,13368,3,2004-02-02,3695,9
2590916,13368,5,2004-12-07,3716,9
2586051,13368,4,2005-01-13,3703,9
2125354,13368,4,2005-02-05,3079,9
2431563,13368,4,2004-10-25,3494,9
1997580,13368,4,2005-08-06,2892,9
145155,13368,4,2005-12-03,200,9
1707723,13368,3,2004-05-21,2478,9
2645367,13368,3,2002-04-11,3802,9
1981647,13368,5,2005-01-11,2861,9
2120218,13368,3,2005-11-21,3071,9
1373130,13368,3,2003-08-29,1993,9
250565,13368,5,2001-01-25,345,9
203212,13368,4,2003-06-14,286,9
2552319,13368,3,2005-04-03,3657,9
1190373,13368,5,2005-10-09,1703,9
831244,13368,3,2000-01-11,1211,9
241766,13368,2,2004-12-25,338,9
2386901,13368,4,2005-07-10,3431,9
1268328,13368,3,2004-07-24,1835,9
593749,13368,5,2004-06-11,875,9
1480539,13368,4,2005-02-11,2143,9
78936,13368,2,2005-06-28,110,9
2324706,13368,2,2005-10-20,3342,9
515008,13368,3,2005-08-22,748,9
1973828,13368,5,2004-08-10,2854,9
586836,13368,3,2004-07-10,864,9
1348053,13368,4,2005-08-30,1959,9
1843166,13368,4,2005-05-11,2667,9
2408478,13368,1,2005-08-24,3457,9
722572,13368,1,2004-06-08,1054,9
1026782,13368,4,2005-04-04,1469,9
2415486,13368,5,2005-10-03,3471,9
309258,13368,3,2005-04-21,424,9
2233289,13368,5,2005-07-28,3209,9
1366049,13368,5,2004-07-29,1987,9
2522445,13368,5,2005-03-24,3620,9
408590,13368,4,2005-10-20,591,9
572481,13368,1,2003-04-04,838,9
329958,13368,1,2003-12-24,462,9
780058,13368,5,2004-04-14,1131,9
1180795,13368,5,2005-12-16,1689,9
214247,13368,5,2000-08-26,300,9
1223806,13368,4,2005-08-03,1761,9
1736133,13368,3,2004-10-05,2515,9
701449,13368,3,2005-10-02,1019,9
963611,13368,1,2005-06-17,1379,9
1790184,13368,4,2003-06-02,2597,9
111696,13368,3,2005-05-30,160,9
2342499,13368,4,2005-11-15,3361,9
1426263,13368,4,2005-04-02,2067,9
1719220,13368,4,2002-10-31,2495,9
2388082,13368,4,2005-07-18,3432,9
2009727,13368,3,2004-06-22,2908,9
736048,13368,4,2005-04-08,1068,9
2078484,13368,1,2003-09-24,3012,9
589404,13368,3,2005-02-08,866,9
1298511,13368,2,2003-07-04,1888,9
396140,13368,4,2003-06-04,574,9
726232,13368,3,2003-08-12,1058,9
1609527,13368,5,2005-01-22,2344,9
2169764,13368,2,2004-09-08,3136,9
385900,13368,4,2004-12-07,556,9
1884142,13368,5,2005-02-09,2726,9
2513455,13368,2,2005-05-31,3611,9
1801493,13368,5,2001-01-10,2610,9
1769875,13368,1,2004-01-23,2564,9
633905,13368,3,2004-01-26,926,9
60981,13368,5,2004-03-27,84,9
707032,13368,4,2005-02-26,1029,9
896713,13368,1,2005-05-17,1299,9
807448,13368,4,2005-11-26,1174,9
2180518,13368,4,2003-11-13,3148,9
1946303,13368,4,2002-10-01,2813,9
142492,13368,3,2003-08-23,198,9
2053020,13368,1,2004-04-08,2976,9
1595424,13368,4,2004-01-14,2318,9
2268720,13368,5,2004-05-26,3265,9
991786,13368,4,2005-03-01,1419,9
1349090,13368,3,2005-09-20,1963,9
1406843,13368,4,2005-10-05,2047,9
1558030,13368,3,2001-07-26,2256,9
1708442,13368,4,2003-09-17,2480,9
1569109,13368,2,2004-03-08,2286,9
349331,13368,1,2001-02-09,491,9
1194048,13368,3,2005-08-25,1712,9
2369255,13368,3,2005-05-25,3398,9
677888,13368,5,2004-04-09,990,9
117368,13368,4,2004-03-23,165,9
545790,13368,3,2004-12-20,810,9
2053594,13368,3,2000-04-01,2977,9
249789,13368,4,2005-02-20,344,9
773643,13368,4,2005-03-18,1123,9
1501724,13368,1,2005-04-11,2177,9
760029,13368,5,2005-06-04,1104,9
2503369,13368,5,2004-11-23,3597,9
1212566,13368,3,2000-01-11,1745,9
310439,13368,3,2003-04-25,428,9
230112,13368,1,2004-07-03,320,9
1802028,13368,4,2005-01-28,2612,9
566625,13368,2,2005-11-14,830,9
2634517,13368,4,2005-07-26,3786,9
1560653,13368,3,2004-08-24,2266,9
396440,13368,3,2005-06-19,575,9
1545805,13368,2,2004-06-05,2237,9
433139,13368,5,2005-10-01,627,9
91120,13368,3,2000-02-16,127,9
415478,13368,3,2004-07-07,603,9
1810763,13368,3,2005-06-03,2625,9
2038362,13368,5,2003-04-23,2954,9
752702,13368,2,2004-05-26,1091,9
2342834,13368,3,2004-04-15,3363,9
1520904,13368,4,2004-10-06,2208,9
254222,13368,4,2005-05-15,353,9
2446344,13368,2,2005-06-29,3519,9
1310382,13368,4,2003-11-22,1900,9
2367304,13368,3,2003-11-11,3394,9
1925701,13368,5,2005-02-08,2778,9
712852,13368,5,2005-10-09,1037,9
1432211,13368,3,2003-12-10,2078,9
1071122,13368,3,2004-05-18,1516,9
901720,13368,4,2003-05-26,1305,9
1046501,13368,4,2005-08-29,1489,9
2624689,13368,3,2004-07-23,3771,9
2019578,13368,4,2004-10-13,2929,9
1772665,13368,5,2005-02-21,2569,9
792309,13368,2,2005-05-24,1152,9
414976,13368,5,2005-11-10,602,9
1091738,13368,4,2005-04-21,1547,9
575981,13368,4,2005-09-27,845,9
1311952,13368,5,2005-10-05,1903,9
1997485,13368,3,2003-09-20,2891,9
1299887,13368,4,2005-03-02,1889,9
1505072,13368,5,2005-05-25,2183,9
2011746,13368,3,2005-09-19,2913,9
777394,13368,4,2005-11-15,1129,9
578848,13368,4,2004-08-29,846,9
267360,13368,5,2005-08-17,370,9
2286677,13368,4,2005-03-02,3286,9
1127148,13368,4,2005-10-05,1611,9
2635448,13368,5,2005-12-07,3790,9
602103,13368,4,2003-08-25,883,9
1335942,13368,4,2004-08-12,1943,9
1338823,13368,3,2004-09-21,1946,9
1758286,13368,4,2005-04-13,2547,9
1507578,13368,5,2005-09-24,2186,9
1971752,13368,4,2005-12-11,2850,9
1020840,13368,4,2003-09-15,1459,9
1607572,13368,3,2002-05-07,2339,9
92040,13368,5,2005-11-13,130,9
1878344,13368,5,2002-05-11,2719,9
1261840,13368,4,2003-05-28,1828,9
515980,13368,2,2004-12-21,752,9
2224875,13368,3,2005-01-25,3196,9
681541,13368,4,2005-05-17,992,9
1765674,13368,2,2003-06-14,2561,9
1406337,13368,5,2004-10-04,2045,9
2346564,13368,3,2005-04-01,3368,9
1396339,13368,4,2005-04-04,2028,9
167484,13368,4,2005-09-24,230,9
2219648,13368,3,2002-07-06,3189,9
475075,13368,4,2003-07-17,689,9
278880,13368,3,2004-12-14,385,9
1755505,13368,1,2005-03-02,2538,9
98492,13368,5,2005-09-12,140,9
2068671,13368,4,2005-09-15,3001,9
2161142,13368,3,2005-09-29,3126,9
2408168,13368,3,2005-10-02,3456,9
1294888,13368,3,2004-12-20,1884,9
2520402,13368,4,2005-12-10,3617,9
1539972,13368,4,2004-02-18,2228,9
1395144,13368,4,2003-07-07,2027,9
305344,13368,1,2003-08-08,417,9
683623,13368,4,2005-10-21,996,9
1763499,13368,3,2004-09-15,2553,9
1870256,13368,5,2005-07-28,2705,9
75640,13368,3,2002-12-18,103,9
767706,13368,2,2003-07-03,1114,9
2369887,13368,3,2004-07-20,3399,9
2035038,13368,4,2005-04-08,2951,9
2427227,13368,2,2005-08-17,3487,9
2188296,13368,4,2005-08-22,3153,9
1393576,13368,3,2005-06-01,2023,9
536910,13368,4,2005-03-15,791,9
1250096,13368,3,2003-04-21,1806,9
1088725,13368,3,2004-03-11,1544,9
2174601,13368,2,2003-04-21,3141,9
910070,13368,4,2004-03-26,1318,9
508042,13368,3,2003-07-21,737,9
355078,13368,2,2004-12-05,504,9
462584,13368,5,2005-02-21,668,9
1292780,13368,5,2005-07-25,1881,9
780391,13368,3,2005-03-03,1134,9
2554772,13368,4,2005-10-29,3663,9
484464,13368,4,2003-08-18,706,9
1486706,13368,2,2005-12-04,2153,9
705770,13368,2,2004-11-10,1024,9
2058438,13368,5,2005-04-07,2985,9
2177597,13368,1,2005-05-18,3145,9
1908753,13368,4,2005-08-02,2756,9
1558683,13368,4,2003-08-17,2261,9
1687570,13368,4,2005-08-10,2453,9
111044,13368,4,2004-11-24,157,9
637481,13368,5,2005-01-25,935,9
1952729,13368,2,2005-05-03,2821,9
864012,13368,4,2004-01-28,1254,9
1018015,13368,5,2005-08-22,1455,9
1876416,13368,2,2004-09-08,2714,9
1355502,13368,5,2005-03-07,1973,9
1123981,13368,2,2002-10-09,1604,9
714757,13368,3,2003-12-02,1041,9
19488,13368,5,2005-01-31,26,9
1477859,13368,4,2005-07-04,2136,9
1973975,13368,3,2005-10-09,2856,9
795473,13368,2,2005-01-19,1160,9
2597239,13368,4,2003-09-20,3726,9
1290963,13368,4,2005-05-24,1879,9
1189097,13368,5,2005-06-08,1699,9
406509,13368,4,2000-01-17,589,9
1122213,13368,3,2005-11-15,1597,9
1179254,13368,2,2003-04-23,1685,9
2020678,13368,2,2005-09-22,2931,9
1237881,13368,3,2004-06-04,1785,9
875344,13368,4,2005-08-13,1275,9
1291867,13368,4,2005-03-29,1880,9
1100638,13368,5,2005-04-30,1559,9
1743179,13368,5,2005-08-15,2526,9
603543,13368,3,2004-12-01,886,9
1443591,13368,4,2002-12-24,2096,9
1420268,13368,1,2003-08-12,2059,9
119848,13368,5,2005-04-28,168,9
826195,13368,4,2005-05-07,1199,9
2607433,13368,3,2003-09-03,3748,9
984525,13368,2,2005-05-11,1410,9
829846,13368,3,2005-05-23,1208,9
614711,13368,4,2005-12-11,899,9
1305971,13368,4,2001-01-11,1893,9
1881260,13368,3,2005-08-29,2722,9
1225936,13368,5,2004-02-19,1767,9
559366,13368,2,2003-08-26,824,9
19006,13368,5,2005-05-22,25,9
531787,13368,4,2002-12-10,780,9
365249,13368,5,2005-08-10,520,9
2251810,13368,5,2004-07-05,3238,9
2506964,13368,5,2003-11-23,3600,9
2566101,13368,4,2004-04-13,3679,9
1229435,13368,4,2005-02-09,1773,9
2280749,13368,4,2005-05-11,3278,9
2396619,13368,3,2005-05-23,3440,9
726621,13368,4,2003-10-17,1059,9
2412997,13368,4,2005-08-12,3465,9
345444,13368,5,2005-11-09,483,9
1773724,13368,4,2004-01-20,2573,9
1724929,13368,5,2003-11-03,2500,9
2326639,13368,2,2004-05-12,3346,9
1319107,13368,4,2005-05-09,1916,9
1357878,13368,4,2004-09-05,1975,9
2118461,13368,5,2005-10-23,3065,9
2620163,13368,4,2003-12-22,3765,9
2061495,13368,3,2005-03-28,2990,9
1711185,13368,5,2005-07-23,2486,9
387418,13368,2,2003-10-10,561,9
296111,13368,5,2004-01-22,404,9
694574,13368,4,2004-10-21,1012,9
1907620,13368,5,2004-11-30,2753,9
426531,13368,4,2005-02-17,618,9
1917431,13368,4,2005-11-18,2764,9
321519,13368,3,2005-11-21,450,9
2612664,13368,1,2004-04-07,3755,9
1700468,13368,4,2003-04-24,2469,9
2046878,13368,3,2005-04-11,2964,9
1945029,13368,2,2004-07-03,2810,9
1139404,13368,1,2003-04-07,1629,9
2084328,13368,5,2005-09-01,3023,9
1932594,13368,1,2004-08-22,2790,9
1114342,13368,4,2005-01-24,1584,9
1592172,13368,4,2005-09-22,2316,9
2295885,13368,3,2003-10-28,3298,9
2600597,13368,3,2005-12-17,3734,9
1447743,13368,3,2003-08-12,2104,9
2406110,13368,5,2004-11-29,3453,9
1461435,13368,1,2002-02-21,2119,9
1502608,13368,3,2004-01-24,2180,9
1251454,13368,3,2005-01-25,1809,9
1180425,13368,5,2005-03-18,1688,9
636451,13368,3,2002-05-23,932,9
1771329,13368,4,2003-04-29,2566,9
182203,13368,1,2003-07-18,249,9
419963,13368,4,2005-09-07,608,9
171521,13368,3,2003-09-24,233,9
2590656,13368,4,2005-04-19,3715,9
1713268,13368,3,2000-07-18,2489,9
1384790,13368,2,2003-07-11,2006,9
2629961,13368,3,2004-08-11,3777,9
553082,13368,4,2004-12-08,815,9
1010920,13368,4,2005-03-16,1443,9
714792,13368,2,2005-03-27,1042,9
1209672,13368,5,2005-04-30,1738,9
15027,13368,5,2004-06-08,20,9
2467046,13368,3,2000-05-08,3552,9
1639792,13368,1,2003-04-03,2378,9
1320363,13368,3,2003-12-21,1921,9
380292,13368,4,2002-06-21,546,9
1765595,13368,3,2005-07-22,2560,9
157729,13368,5,2005-08-01,216,9
2502873,13368,2,2003-10-18,3595,9
1681941,13368,5,2003-07-18,2438,9
2385226,13368,3,2005-06-02,3426,9
2154387,13368,5,2005-10-04,3117,9
2460347,13368,1,2004-03-25,3542,9
2292335,13368,5,2005-11-20,3294,9
1201442,13368,3,2003-07-15,1725,9
981489,13368,3,2005-10-11,1404,9
909122,13368,2,2005-07-31,1316,9
1174544,13368,4,2005-08-09,1678,9
123716,13368,4,2004-11-17,177,9
2384355,13368,3,2004-11-29,3422,9
2091384,13368,2,2005-02-21,3034,9
1918276,13368,3,2004-04-07,2766,9
1536313,13368,5,2004-02-23,2224,9
2238060,13368,2,2004-08-18,3215,9
779867,13368,4,2004-11-30,1130,9
927316,13368,3,2004-11-30,1335,9
1616631,13368,5,2005-02-09,2350,9
1907733,13368,5,2005-02-19,2754,9
1335181,13368,3,2004-04-01,1941,9
1852040,13368,1,2004-05-13,2678,9
1929151,13368,3,2004-03-04,2785,9
2252145,13368,2,2005-10-06,3239,9
1545733,13368,2,2004-05-14,2236,9
293857,13368,4,2005-03-16,402,9
1486956,13368,4,2005-03-26,2154,9
2362863,13368,4,2005-08-02,3386,9
908725,13368,3,2004-11-22,1314,9
1337762,13368,3,2005-03-28,1944,9
1606261,13368,3,2000-09-15,2337,9
2301571,13368,4,2005-01-19,3307,9
1644346,13368,1,2000-02-08,2384,9
341746,13368,5,2005-07-08,478,9
2064219,13368,5,2005-09-02,2994,9
2124888,13368,5,2004-12-27,3078,9
1777165,13368,2,2005-01-25,2579,9
1596742,13368,5,2005-03-20,2321,9
1290587,13368,3,2003-05-28,1878,9
1143230,13368,2,2000-06-05,1637,9
184271,13368,2,2004-07-30,254,9
1033224,13368,2,2002-10-26,1475,9
1058873,13368,5,2002-09-18,1503,9
867624,13368,2,2003-08-17,1258,9
1285,13368,3,2003-12-30,2,9
2426728,13368,3,2005-08-10,3486,9
1493435,13368,4,2005-03-06,2165,9
20461,13368,3,2005-03-14,27,9
190478,13368,4,2005-12-18,263,9
2407365,13368,3,2005-08-28,3455,9
2374464,13368,3,2004-06-23,3405,9
283364,13368,5,2004-07-22,387,9
1625310,13369,5,2005-03-17,2357,10
541295,13369,5,2005-04-08,802,10
303948,13369,3,2005-09-12,414,10
635624,13369,2,2005-10-21,929,10
1110453,13369,5,2005-08-31,1578,10
1227322,13369,1,2005-06-02,1768,10
77550,13369,5,2005-05-25,106,10
1513622,13369,3,2005-05-19,2199,10
2069818,13369,3,2005-06-01,3003,10
297521,13369,3,2005-05-01,408,10
1784150,13369,3,2005-06-06,2589,10
2221430,13369,3,2005-07-30,3192,10
705703,13369,3,2005-10-18,1023,10
1881487,13369,5,2005-10-18,2723,10
1652711,13369,5,2005-09-08,2399,10
161133,13369,4,2005-05-27,221,10
997518,13369,4,2005-06-13,1424,10
1972677,13369,5,2005-11-07,2853,10
438369,13369,3,2005-11-30,634,10
2600758,13369,5,2005-05-24,3735,10
845754,13369,4,2005-05-31,1227,10
1574842,13369,5,2005-08-22,2296,10
531237,13369,2,2005-06-26,779,10
2466950,13369,4,2005-08-14,3550,10
636262,13369,1,2005-08-23,931,10
91515,13369,4,2005-06-28,128,10
1991429,13369,4,2005-04-20,2876,10
2585607,13369,3,2005-09-27,3702,10
2439493,13369,1,2005-08-19,3506,10
1802785,13369,3,2005-05-01,2613,10
332923,13369,3,2005-05-01,468,10
266900,13369,5,2005-06-13,369,10
1558516,13369,3,2005-06-24,2259,10
2134563,13369,1,2005-10-11,3094,10
1562322,13369,3,2005-06-20,2270,10
792534,13369,4,2005-06-03,1153,10
2006138,13369,4,2005-10-08,2903,10
2106857,13369,5,2005-11-08,3053,10
232421,13369,1,2005-07-12,326,10
1694767,13369,2,2005-07-07,2461,10
423204,13369,4,2005-06-08,613,10
2404219,13369,3,2005-06-20,3450,10
1501943,13369,3,2005-05-01,2178,10
1692295,13369,5,2005-05-04,2457,10
1900,13369,3,2005-05-19,4,10
586276,13369,4,2005-09-23,861,10
2302897,13369,5,2005-04-02,3311,10
2221057,13369,3,2005-08-23,3191,10
507603,13369,1,2005-08-01,736,10
199435,13369,2,2005-06-29,276,10
1305910,13369,4,2005-10-17,1892,10
352831,13369,4,2005-05-14,498,10
1690900,13369,4,2005-05-26,2456,10
644955,13369,2,2005-08-29,946,10
2578830,13369,3,2005-05-30,3696,10
501808,13369,4,2005-09-23,724,10
1589063,13369,4,2005-09-27,2313,10
2397080,13369,2,2005-09-17,3442,10
270634,13369,5,2005-11-27,376,10
806991,13369,4,2005-06-16,1173,10
1014585,13369,5,2005-07-09,1450,10
1664010,13369,4,2005-10-12,2414,10
1783543,13369,3,2005-04-09,2587,10
2253113,13369,3,2005-05-04,3242,10
1083952,13369,3,2005-05-09,1537,10
2482938,13369,3,2005-05-28,3569,10
1605728,13369,3,2005-08-15,2335,10
584376,13369,3,2005-04-24,856,10
2020689,13369,4,2005-07-17,2932,10
128901,13369,5,2005-07-26,183,10
2004105,13369,3,2005-06-10,2900,10
2052283,13369,4,2005-06-17,2973,10
2011704,13369,4,2005-07-15,2912,10
334578,13369,4,2005-07-20,470,10
1327597,13369,5,2005-05-18,1930,10
1407578,13369,4,2005-06-10,2048,10
622881,13369,5,2005-07-09,913,10
2366454,13369,4,2005-07-08,3392,10
261764,13369,5,2005-11-10,362,10
66296,13369,4,2005-05-24,89,10
472332,13369,4,2005-06-03,680,10
556926,13369,5,2005-08-30,821,10
2377815,13369,5,2005-05-03,3410,10
2096501,13369,3,2005-07-26,3043,10
721718,13369,5,2005-06-07,1051,10
79740,13369,4,2005-06-01,112,10
815585,13369,5,2005-02-24,1184,10
1858464,13369,3,2005-05-27,2688,10
1763653,13369,4,2005-06-03,2555,10
3097,13369,4,2005-08-10,6,10
2299596,13369,4,2005-05-11,3304,10
2322390,13369,4,2005-06-27,3338,10
2434166,13369,4,2005-06-14,3499,10
305344,13369,1,2005-04-27,417,10
510173,13369,3,2005-06-14,740,10
564572,13369,2,2005-05-26,827,10
2038078,13369,3,2005-06-22,2953,10
373416,13369,3,2005-07-18,537,10
2147527,13369,1,2005-11-18,3111,10
2216721,13369,5,2005-08-24,3183,10
651230,13369,1,2005-05-26,953,10
2309145,13369,5,2005-11-10,3323,10
2352652,13369,4,2005-05-06,3374,10
240923,13369,2,2005-09-19,337,10
496106,13369,4,2005-10-20,719,10
1488235,13369,5,2005-05-26,2156,10
439559,13369,5,2005-11-02,638,10
1111322,13369,3,2005-03-21,1579,10
2018894,13369,5,2005-10-05,2925,10
1565408,13369,5,2005-07-13,2280,10
742766,13369,3,2005-07-24,1077,10
2420328,13369,5,2005-05-04,3477,10
2215203,13369,4,2005-05-31,3181,10
2131820,13369,2,2005-10-25,3091,10
754990,13369,2,2005-05-17,1093,10
19006,13369,3,2005-06-10,25,10
1993836,13369,5,2005-02-28,2882,10
1950806,13369,3,2005-05-17,2819,10
2094633,13369,4,2005-10-19,3040,10
454557,13369,5,2005-09-04,664,10
1806515,13369,3,2005-09-23,2619,10
1168936,13369,2,2005-10-11,1671,10
2118461,13369,4,2005-12-20,3065,10
1837960,13369,3,2005-07-24,2657,10
353668,13369,5,2005-06-09,500,10
387418,13369,1,2005-12-11,561,10
1008749,13369,2,2005-06-23,1440,10
361073,13369,4,2005-05-20,511,10
2521398,13369,4,2005-05-28,3619,10
1360922,13369,4,2005-06-02,1978,10
1708273,13369,4,2005-07-03,2479,10
1461435,13369,1,2005-06-13,2119,10
406577,13369,5,2005-05-17,590,10
2531080,13369,4,2005-11-01,3632,10
1512991,13369,2,2005-06-14,2198,10
1484795,13369,4,2005-12-02,2150,10
1847946,13369,3,2005-05-13,2671,10
228331,13369,5,2005-02-17,315,10
946812,13369,4,2005-03-26,1355,10
1806401,13369,3,2005-10-03,2617,10
1122983,13369,3,2005-11-07,1601,10
2488238,13369,2,2005-07-19,3578,10
1878266,13369,3,2005-07-18,2717,10
2507404,13369,3,2005-07-22,3601,10
1867761,13369,4,2005-07-26,2703,10
1659679,13369,1,2005-05-18,2409,10
1207509,13369,5,2005-09-06,1736,10
2305466,13369,2,2005-06-11,3318,10
1927146,13369,4,2005-05-24,2780,10
89974,13369,4,2005-06-22,124,10
132390,13370,3,2004-06-30,188,11
613501,13370,3,2004-12-31,896,11
1116838,13370,5,2005-07-21,1590,11
2445646,13370,2,2004-02-09,3517,11
2008673,13370,2,2004-01-19,2906,11
2059652,13370,4,2005-08-07,2986,11
1777883,13370,1,2004-03-11,2581,11
2071871,13370,3,2003-10-06,3005,11
2502462,13370,1,2003-11-09,3594,11
1294425,13370,5,2004-06-03,1883,11
1074029,13370,3,2004-02-03,1520,11
519545,13370,5,2004-09-02,756,11
991931,13370,4,2004-11-06,1421,11
530441,13370,5,2004-11-24,775,11
1765381,13370,3,2005-01-31,2559,11
754082,13370,3,2005-03-25,1092,11
2263006,13370,4,2005-10-06,3255,11
1271172,13370,4,2005-10-30,1840,11
188099,13370,3,2005-11-09,258,11
649770,13370,3,2005-07-10,952,11
1214416,13370,5,2003-12-19,1749,11
1562289,13370,5,2004-01-26,2269,11
2158667,13370,4,2004-06-14,3125,11
1686321,13370,3,2003-11-04,2449,11
840543,13370,3,2004-08-08,1223,11
2303830,13370,4,2004-10-14,3314,11
2060891,13370,2,2004-11-12,2989,11
1213655,13370,4,2005-01-25,1747,11
1335879,13370,5,2005-04-12,1942,11
2325737,13370,5,2005-05-02,3343,11
2081171,13370,1,2005-11-28,3015,11
1274049,13370,3,2005-07-24,1845,11
1686766,13370,4,2005-02-20,2450,11
296171,13370,5,2003-08-10,405,11
421709,13370,4,2004-04-17,611,11
264160,13370,5,2005-08-28,367,11
908205,13370,2,2004-02-02,1312,11
724592,13370,3,2004-02-26,1056,11
1248029,13370,4,2004-08-08,1801,11
1315754,13370,4,2004-11-28,1911,11
652121,13370,4,2004-12-29,955,11
755344,13370,3,2005-01-12,1095,11
2207774,13370,4,2005-02-03,3172,11
1350663,13370,4,2005-02-21,1967,11
868935,13370,5,2005-04-19,1260,11
1650301,13370,2,2005-05-20,2395,11
692291,13370,3,2005-06-12,1008,11
1071856,13370,5,2005-06-12,1517,11
2231930,13370,5,2005-09-23,3205,11
2384779,13370,4,2005-10-16,3424,11
1917657,13370,4,2005-10-16,2765,11
1800117,13370,3,2005-11-06,2607,11
1981733,13370,4,2004-08-17,2862,11
752696,13370,4,2005-08-01,1090,11
1157120,13370,3,2004-02-06,1660,11
2314286,13370,4,2004-05-04,3327,11
1435900,13370,4,2004-03-25,2086,11
2220672,13370,4,2004-12-21,3190,11
2501533,13370,5,2004-12-23,3592,11
353820,13370,3,2004-12-30,502,11
1243274,13370,4,2005-01-31,1793,11
2073724,13370,5,2005-04-30,3007,11
221162,13370,4,2005-06-07,310,11
1637765,13370,5,2005-06-23,2375,11
787938,13370,3,2005-09-16,1143,11
316050,13370,1,2005-09-17,437,11
1310250,13370,4,2005-10-25,1899,11
318939,13370,3,2005-12-13,444,11
1853679,13370,3,2003-08-28,2682,11
320770,13370,4,2003-11-05,447,11
884967,13370,5,2005-08-05,1288,11
2025375,13370,4,2003-09-21,2935,11
535268,13370,5,2004-07-08,788,11
989228,13370,4,2004-10-05,1415,11
85663,13370,1,2004-09-29,119,11
1676009,13370,5,2004-11-07,2429,11
1013930,13370,4,2004-11-08,1449,11
616046,13370,5,2005-01-05,900,11
127010,13370,2,2005-05-10,181,11
686635,13370,5,2005-10-02,1000,11
366844,13370,5,2005-10-29,523,11
1882935,13370,5,2004-09-13,2725,11
1971918,13370,4,2004-05-24,2851,11
793754,13370,3,2003-08-14,1157,11
2206592,13370,4,2003-09-04,3169,11
1807821,13370,1,2005-01-01,2621,11
322178,13370,1,2005-01-28,452,11
1007809,13370,4,2005-02-07,1438,11
372233,13370,4,2005-03-18,534,11
1490496,13370,5,2005-10-27,2160,11
2631649,13370,4,2005-12-29,3782,11
1034156,13370,2,2003-07-27,1479,11
709342,13370,4,2003-09-10,1030,11
1486253,13370,5,2004-08-10,2152,11
2206698,13370,3,2004-10-19,3170,11
1647196,13370,5,2005-02-01,2392,11
2592564,13370,3,2005-02-01,3717,11
1183357,13370,2,2005-02-20,1694,11
26648,13370,4,2005-04-28,36,11
986454,13370,5,2005-06-27,1412,11
2294397,13370,3,2005-11-30,3296,11
800467,13370,5,2005-07-12,1165,11
2088489,13370,4,2005-07-13,3030,11
549534,13370,3,2003-08-06,813,11
2250121,13370,3,2005-08-03,3233,11
1122179,13370,5,2005-08-09,1596,11
1858921,13370,4,2005-09-14,2689,11
2527572,13370,4,2004-08-01,3626,11
303948,13370,4,2004-09-20,414,11
1257103,13370,1,2005-03-02,1822,11
1258971,13370,3,2005-05-16,1825,11
870496,13370,4,2005-06-14,1265,11
558634,13370,4,2005-09-12,822,11
1126860,13370,4,2005-09-13,1609,11
692577,13370,5,2005-10-19,1009,11
2433247,13370,5,2004-03-25,3497,11
1493780,13370,5,2004-03-04,2169,11
1808930,13370,2,2005-07-26,2622,11
474541,13370,5,2004-09-02,687,11
318032,13370,3,2004-05-26,441,11
924822,13370,2,2003-07-28,1331,11
182031,13370,4,2005-08-07,247,11
289162,13370,5,2003-11-10,395,11
956303,13370,3,2004-04-28,1366,11
162348,13370,4,2004-09-22,222,11
1687379,13370,4,2004-09-29,2452,11
688484,13370,4,2005-03-04,1002,11
1155253,13370,5,2005-05-14,1656,11
85856,13370,1,2005-05-16,120,11
2065566,13370,4,2005-06-20,2996,11
965764,13370,3,2005-09-19,1383,11
2130999,13370,4,2005-10-24,3090,11
2595888,13370,5,2005-11-03,3722,11
1273429,13370,3,2005-08-02,1843,11
1572469,13370,5,2004-08-28,2289,11
806909,13370,5,2003-10-07,1172,11
1510343,13370,4,2004-01-01,2193,11
1061198,13370,3,2003-07-28,1507,11
652714,13370,4,2004-04-29,957,11
86365,13370,4,2004-08-23,122,11
1540724,13370,1,2005-01-13,2229,11
968447,13370,3,2005-10-31,1386,11
1558486,13370,2,2005-07-21,2258,11
229971,13370,1,2005-08-05,318,11
2302786,13370,5,2004-01-02,3310,11
1574252,13370,4,2005-08-12,2294,11
2128580,13370,4,2004-03-02,3088,11
1519094,13370,3,2003-10-01,2205,11
380726,13370,3,2004-03-30,548,11
483077,13370,4,2004-02-09,704,11
2561749,13370,2,2003-10-31,3670,11
1699166,13370,3,2004-02-06,2466,11
738657,13370,5,2004-02-02,1070,11
1599855,13370,4,2004-03-21,2324,11
1126697,13370,5,2005-01-19,1608,11
820785,13370,4,2005-01-28,1195,11
1931476,13370,3,2005-04-02,2788,11
367810,13370,5,2005-04-11,526,11
1580481,13370,4,2005-06-02,2301,11
1188000,13370,4,2005-06-28,1697,11
2330762,13370,4,2005-10-10,3350,11
1080872,13370,5,2005-12-09,1535,11
1295097,13370,3,2005-07-19,1885,11
183476,13370,5,2004-03-06,251,11
986975,13370,5,2003-12-11,1413,11
2223955,13370,3,2004-03-19,3194,11
1715735,13370,3,2004-09-09,2493,11
2307923,13370,5,2004-10-08,3320,11
1944709,13370,4,2004-11-08,2809,11
1197233,13370,2,2004-12-29,1717,11
445465,13370,4,2005-01-19,647,11
1361286,13370,3,2005-04-22,1980,11
1662316,13370,5,2005-05-22,2412,11
1705463,13370,4,2005-10-24,2476,11
2153290,13370,5,2005-10-29,3116,11
2444831,13370,5,2005-01-07,3516,11
1705377,13370,2,2005-08-08,2475,11
2407154,13370,4,2004-11-01,3454,11
1030089,13370,3,2003-09-06,1473,11
1225682,13370,3,2004-08-31,1765,11
1365840,13370,5,2004-11-14,1986,11
1322839,13370,4,2004-11-15,1925,11
2561861,13370,4,2005-01-19,3671,11
2133136,13370,4,2005-03-21,3093,11
2572891,13370,2,2005-05-21,3689,11
1602489,13370,5,2005-07-03,2330,11
25533,13370,2,2005-11-22,34,11
389017,13370,5,2005-12-21,562,11
525356,13370,2,2003-11-24,766,11
2069818,13370,5,2005-07-19,3003,11
1506773,13370,4,2003-11-25,2185,11
256673,13370,3,2003-08-29,357,11
1202823,13370,4,2004-04-26,1727,11
1523735,13370,3,2005-08-20,2211,11
2226158,13370,2,2003-10-27,3198,11
98044,13370,3,2005-09-05,136,11
2364140,13370,5,2004-03-17,3388,11
1225818,13370,4,2004-01-02,1766,11
311641,13370,4,2004-08-30,431,11
1259114,13370,4,2004-10-01,1826,11
1328996,13370,3,2004-11-02,1932,11
2062271,13370,5,2005-03-20,2991,11
165823,13370,5,2005-04-21,227,11
1938037,13370,5,2005-05-05,2800,11
291248,13370,1,2005-06-30,399,11
1564058,13370,4,2005-10-03,2277,11
1482162,13370,4,2005-11-29,2148,11
642090,13370,1,2004-03-03,944,11
2553297,13370,4,2004-01-15,3659,11
2549443,13370,1,2005-06-21,3654,11
172499,13370,4,2004-08-22,236,11
2084055,13370,5,2004-08-04,3021,11
1943596,13370,3,2004-08-25,2806,11
2400123,13370,4,2004-10-24,3447,11
2088334,13370,3,2004-11-06,3028,11
1018474,13370,4,2005-02-11,1456,11
478126,13370,5,2005-02-16,695,11
190775,13370,5,2005-05-05,264,11
1937486,13370,1,2005-06-21,2799,11
2018721,13370,4,2005-11-03,2924,11
348070,13370,5,2005-11-19,489,11
2643725,13370,3,2003-09-25,3800,11
705774,13370,3,2004-02-08,1025,11
346231,13370,4,2004-05-27,488,11
363163,13370,5,2003-07-17,515,11
1668182,13370,5,2005-08-18,2423,11
1327201,13370,2,2003-10-26,1929,11
1375880,13370,3,2003-08-27,1995,11
636708,13370,5,2004-04-18,934,11
1822241,13370,4,2004-04-25,2640,11
1191122,13370,5,2004-08-01,1705,11
1969090,13370,5,2004-11-15,2845,11
1784150,13370,4,2005-03-02,2589,11
541870,13370,3,2005-03-20,803,11
2320003,13370,3,2005-05-23,3335,11
1237674,13370,5,2005-09-30,1784,11
314110,13370,5,2005-10-18,433,11
1077794,13370,5,2005-10-31,1528,11
846667,13370,3,2005-12-01,1228,11
2162921,13370,2,2005-12-03,3129,11
85987,13370,5,2005-07-06,121,11
302269,13370,4,2004-01-26,412,11
2299784,13370,1,2004-01-31,3305,11
1457139,13370,3,2003-08-26,2114,11
2485500,13370,3,2004-05-10,3571,11
1686932,13370,2,2005-02-13,2451,11
569334,13370,4,2004-12-19,836,11
1089049,13370,4,2005-03-11,1545,11
1960412,13370,4,2005-04-08,2835,11
921732,13370,5,2005-05-21,1329,11
1935228,13370,4,2005-06-02,2795,11
1309838,13370,5,2005-10-29,1897,11
1103539,13370,5,2005-06-25,1564,11
421943,13370,5,2005-09-08,612,11
1024541,13370,5,2005-09-12,1464,11
534316,13370,4,2005-10-04,787,11
1400109,13370,3,2005-11-11,2034,11
323259,13370,4,2005-11-14,454,11
194511,13370,5,2005-12-18,272,11
318199,13370,4,2003-10-03,442,11
2085613,13370,4,2004-08-25,3026,11
1559022,13370,3,2004-07-22,2262,11
2083182,13370,3,2004-02-03,3019,11
416518,13370,3,2005-09-09,605,11
421344,13370,5,2005-03-15,609,11
2588015,13370,3,2005-03-28,3708,11
239285,13370,5,2005-07-19,336,11
302102,13370,5,2005-08-21,411,11
125275,13370,2,2004-06-22,180,11
188570,13370,2,2004-09-17,260,11
2413946,13370,2,2004-10-26,3468,11
1189722,13370,4,2004-11-24,1701,11
2133016,13370,5,2004-12-29,3092,11
1269872,13370,5,2005-02-05,1838,11
1264935,13370,4,2005-02-17,1832,11
1782505,13370,4,2005-06-19,2585,11
1007967,13370,5,2005-10-24,1439,11
470232,13370,3,2005-10-31,677,11
1552183,13370,4,2004-08-23,2248,11
2517390,13370,3,2005-08-23,3613,11
2156345,13370,4,2005-08-28,3119,11
229983,13370,3,2004-07-08,319,11
502783,13370,4,2004-06-13,726,11
98129,13370,4,2004-11-12,137,11
682761,13370,4,2005-04-15,994,11
1778714,13370,5,2005-05-09,2582,11
962384,13370,1,2005-09-20,1376,11
1526507,13370,3,2005-09-23,2215,11
1634831,13370,4,2005-10-26,2370,11
378857,13370,4,2004-02-16,544,11
2071803,13370,4,2005-07-31,3004,11
1011293,13370,3,2005-08-01,1444,11
74188,13370,4,2005-08-01,100,11
1993107,13370,3,2004-02-26,2881,11
1911527,13370,4,2003-09-12,2758,11
1328031,13370,4,2004-02-23,1931,11
1508625,13370,3,2004-01-04,2191,11
1705503,13370,5,2003-10-16,2477,11
818025,13370,5,2004-09-29,1187,11
257294,13370,4,2004-10-01,359,11
179832,13370,5,2004-11-03,244,11
2538880,13370,5,2005-01-26,3648,11
2082629,13370,5,2005-02-17,3017,11
23898,13370,3,2005-03-06,31,11
2573288,13370,3,2005-03-20,3690,11
789969,13370,3,2005-03-25,1147,11
229617,13370,2,2005-06-24,316,11
943486,13370,3,2005-09-08,1346,11
677273,13370,4,2005-09-28,989,11
1801709,13370,5,2005-10-13,2611,11
1756480,13370,5,2005-10-31,2539,11
1574264,13370,4,2003-09-09,2295,11
991465,13370,5,2004-02-13,1418,11
541239,13370,5,2004-08-25,801,11
1316174,13370,4,2004-06-18,1912,11
2331813,13370,5,2005-06-26,3351,11
2524282,13370,3,2005-11-22,3621,11
2472440,13370,3,2005-11-25,3558,11
2144973,13370,4,2005-07-19,3105,11
1250023,13370,4,2004-04-28,1805,11
