user_id,movie_id,rating,timestamp
2532865,4500,4,2005-07-26
573364,4500,3,2005-06-20
1696725,4500,3,2004-02-27
1253431,4500,3,2004-03-31
1265574,4500,2,2003-09-01
1049643,4500,1,2003-11-15
1601348,4500,4,2005-04-05
1495289,4500,5,2005-07-09
1254903,4500,3,2003-09-02
2604070,4500,3,2005-05-15
1006473,4500,5,2005-05-23
1989892,4500,3,2004-04-06
1517471,4500,4,2003-12-24
1478381,4500,4,2005-05-21
923084,4500,2,2004-11-15
2446292,4500,4,2005-10-06
2554745,4500,3,2003-05-07
1133125,4500,5,2004-08-10
349528,4500,4,2003-08-11
1614895,4500,5,2004-08-29
424958,4500,4,2005-08-02
1390877,4500,3,2003-10-07
2327422,4500,4,2004-08-19
18103,4500,3,2005-07-24
591075,4500,4,2004-03-12
1589677,4500,3,2003-07-17
973538,4500,2,2004-11-06
1107636,4500,3,2004-04-17
1279272,4500,2,2005-08-08
1578868,4500,4,2005-11-08
1764950,4500,4,2004-04-11
1607574,4500,3,2004-08-07
2604976,4500,3,2005-08-18
2152838,4500,2,2004-12-14
1956967,4500,3,2005-05-03
1170871,4500,4,2005-11-22
2103896,4500,2,2005-01-11
2589830,4500,5,2004-07-16
478176,4500,4,2005-05-22
1167572,4500,5,2005-11-07
273939,4500,5,2005-04-16
2191732,4500,1,2003-08-25
1508291,4500,4,2005-10-03
1132940,4500,3,2004-02-19
325384,4500,3,2005-03-20
1617677,4500,5,2005-10-03
1240130,4500,3,2003-08-25
2175436,4500,4,2004-06-18
187322,4500,2,2004-05-11
765129,4500,3,2004-02-11
2490130,4500,4,2005-02-21
2439493,4500,1,2003-03-23
2467154,4500,4,2005-05-20
1386457,4500,3,2004-09-15
320708,4500,4,2003-05-08
2379324,4500,4,2004-01-27
1789430,4500,3,2003-09-10
837081,4500,4,2005-07-20
656811,4500,4,2004-01-31
2453811,4500,4,2005-02-10
1534723,4500,5,2003-05-16
538221,4500,4,2005-06-10
1878316,4500,3,2004-01-04
345916,4500,3,2005-03-12
1065665,4500,5,2005-07-28
177103,4500,2,2004-01-17
530922,4500,2,2005-04-11
1459994,4500,2,2005-07-01
1149786,4500,3,2003-08-20
2258411,4500,3,2004-09-20
2553812,4500,3,2005-01-19
1736588,4500,1,2005-01-20
2208519,4500,2,2005-03-07
1899288,4500,4,2005-03-25
2282361,4500,3,2005-04-26
2477831,4500,4,2005-06-18
1853299,4500,4,2004-12-23
769702,4500,1,2005-02-26
914958,4500,4,2003-09-29
1524853,4500,4,2004-10-06
1434103,4500,2,2003-07-31
1848539,4500,5,2003-08-08
625344,4500,3,2004-07-27
432620,4500,3,2004-07-20
725232,4500,3,2004-03-03
475712,4500,4,2005-07-29
2634980,4500,4,2005-08-10
2535720,4500,4,2005-02-25
2023451,4500,3,2005-04-28
1047039,4500,5,2005-05-14
202978,4500,2,2003-07-16
1492140,4500,3,2004-06-02
2379395,4500,3,2004-01-30
2111073,4500,5,2003-12-12
2601024,4500,3,2003-11-05
1767542,4500,2,2004-07-22
1929457,4500,3,2005-12-10
2082635,4500,2,2005-07-25
1179020,4500,4,2004-03-24
66892,4500,3,2005-02-23
2113841,4500,4,2003-10-22
1032165,4500,3,2003-12-22
387222,4500,4,2003-03-24
1279851,4500,2,2005-05-20
1633113,4500,2,2003-12-04
1684416,4500,4,2004-10-25
994565,4500,4,2005-01-23
1664010,4500,5,2005-10-15
1902838,4500,3,2003-04-30
945475,4500,3,2005-03-28
688306,4500,1,2004-06-07
659540,4500,2,2003-06-19
329958,4500,1,2004-06-29
896920,4500,3,2004-10-04
1573281,4500,3,2004-12-06
2374991,4500,5,2005-01-23
2612179,4500,3,2005-07-12
504243,4500,4,2004-08-11
154993,4500,5,2003-04-07
1434330,4500,1,2004-12-24
2458451,4500,5,2005-10-31
305604,4500,3,2004-10-13
1848868,4500,2,2003-05-28
1838160,4500,4,2003-11-12
1991752,4500,2,2003-03-28
122197,4500,1,2005-03-09
1200097,4500,3,2005-12-13
1362183,4500,3,2003-07-14
1888662,4500,4,2005-05-03
869468,4500,2,2004-09-09
583873,4500,4,2004-07-26
2320538,4500,3,2003-09-24
2109890,4500,4,2005-08-18
693162,4500,4,2003-11-04
1835168,4500,3,2005-05-02
1757370,4500,3,2004-11-17
2348165,4500,3,2003-07-21
320972,4500,3,2005-02-03
1838895,4500,3,2003-12-17
1232297,4500,2,2005-03-15
2590402,4500,3,2004-03-03
1863420,4500,5,2004-05-20
2384389,4500,3,2004-07-23
2642916,4500,4,2004-04-08
2606799,4500,2,2005-05-16
2040847,4500,2,2005-08-03
523957,4500,4,2004-03-08
1499926,4500,3,2003-05-06
1641072,4500,4,2005-09-10
1299887,4500,5,2005-02-19
798296,4500,2,2003-05-12
1177133,4500,4,2004-02-04
60973,4500,4,2003-09-28
1288501,4500,3,2004-10-27
945445,4500,4,2004-03-23
2028530,4500,4,2005-02-08
671089,4500,3,2005-05-11
466257,4500,3,2004-01-30
1053026,4500,5,2005-07-20
305344,4500,2,2003-03-22
1470113,4500,5,2005-05-16
2048620,4500,3,2003-04-02
1978257,4500,1,2003-03-25
1159683,4500,4,2005-10-05
1851609,4500,4,2004-11-16
2520539,4500,3,2003-10-26
2147527,4500,2,2005-11-18
364867,4500,4,2004-11-24
122901,4500,3,2003-07-11
2572807,4500,2,2005-05-31
1252466,4500,4,2005-02-22
1865701,4500,2,2005-11-09
1768181,4500,4,2004-07-17
2460555,4500,4,2004-12-31
530134,4500,4,2005-10-21
1762296,4500,3,2005-09-29
517454,4500,4,2005-04-11
1319949,4500,3,2003-05-04
2052289,4500,4,2004-04-20
1996860,4500,5,2005-09-14
964001,4500,4,2005-07-05
1610947,4500,4,2004-12-31
1391691,4500,2,2005-09-10
1741802,4500,3,2003-10-03
1253337,4500,4,2005-02-03
2410629,4500,4,2005-10-24
105802,4500,3,2005-06-23
975654,4500,4,2003-11-14
936816,4500,3,2003-10-29
739252,4500,3,2003-10-16
326356,4500,2,2005-06-12
2444174,4500,3,2003-07-13
854364,4500,3,2004-09-17
471654,4500,5,2005-03-01
2525782,4500,4,2004-09-28
41561,4500,4,2004-11-10
837165,4500,4,2004-04-28
2064245,4500,5,2003-08-14
2113107,4500,4,2005-03-03
1445218,4500,4,2003-05-05
2254502,4500,2,2003-12-12
1651291,4500,5,2005-06-03
474521,4500,2,2005-10-18
230265,4500,2,2005-05-14
438688,4500,5,2005-11-29
776513,4500,2,2004-12-08
1552388,4500,5,2003-06-09
326049,4500,3,2004-04-21
2608958,4500,3,2004-03-28
2126435,4500,2,2005-10-08
2118461,4500,5,2005-10-29
1638460,4500,3,2003-08-30
1800628,4500,3,2005-01-10
168523,4500,2,2005-06-08
1074851,4500,5,2003-11-24
387418,4500,1,2003-08-11
818804,4500,1,2003-05-12
1752619,4500,2,2005-06-08
1734945,4500,1,2005-09-01
1704795,4500,5,2005-11-27
1391510,4500,3,2004-08-02
133642,4500,4,2005-08-03
1493528,4500,4,2004-10-06
1122498,4500,4,2004-10-11
1932594,4500,2,2004-08-22
794999,4500,5,2004-06-22
191776,4500,4,2005-03-09
1339695,4500,4,2005-06-06
277957,4500,5,2004-08-07
1971428,4500,1,2004-03-21
2481845,4500,4,2004-04-04
1663888,4500,4,2004-11-05
1461435,4500,1,2003-04-13
1150431,4500,3,2004-09-20
1549154,4500,5,2005-07-13
1639792,4500,1,2003-04-01
2463846,4500,4,2005-01-28
761623,4500,4,2003-03-17
29711,4500,1,2003-10-29
2055388,4500,4,2005-10-03
2348346,4500,4,2003-04-28
790471,4500,3,2005-02-07
2143500,4500,4,2005-06-04
136160,4500,3,2005-10-23
1963140,4500,3,2003-12-12
2060327,4500,4,2005-01-19
2646634,4500,4,2003-06-18
1020757,4500,4,2004-11-14
2358238,4500,3,2005-09-21
2452963,4500,4,2003-06-24
2405791,4500,5,2003-12-29
2443373,4500,2,2004-05-24
1462129,4500,4,2005-10-25
1154902,4500,5,2003-10-13
2236573,4500,3,2004-07-16
2448838,4500,5,2004-10-11
1983272,4500,4,2004-09-18
1400108,4500,4,2005-10-25
2581970,4501,3,2005-05-24
1277134,4501,2,2005-06-05
2011929,4501,1,2005-06-24
2003092,4501,2,2005-07-01
1735774,4501,3,2005-06-13
862144,4501,2,2005-09-07
2402672,4501,3,2005-09-23
955916,4501,3,2005-07-04
1719016,4501,3,2005-07-10
1586123,4501,5,2005-07-25
2213550,4501,4,2005-05-25
1368985,4501,1,2005-06-30
2592869,4501,5,2005-07-29
882735,4501,1,2005-07-29
2628653,4501,3,2005-07-05
1268452,4501,3,2005-11-25
2459089,4501,4,2005-07-05
1492957,4501,3,2005-08-06
1333,4501,3,2005-05-29
2326407,4501,3,2005-07-12
1105269,4501,4,2005-08-24
181784,4501,5,2005-05-22
538410,4501,4,2005-05-30
2446292,4501,1,2005-07-13
621634,4501,4,2005-07-28
1037313,4501,4,2005-05-16
2268573,4501,1,2005-05-26
1105260,4501,2,2005-06-10
1658752,4501,5,2005-06-14
1066379,4501,5,2005-09-08
959291,4501,4,2005-10-04
402377,4501,4,2005-05-21
1826189,4501,3,2005-06-07
2601294,4501,2,2005-08-13
945258,4501,4,2005-05-23
931817,4501,5,2005-09-20
473516,4501,3,2005-05-23
2604824,4501,4,2005-06-04
2289283,4501,3,2005-06-09
362169,4501,5,2005-12-12
2418941,4501,3,2005-08-02
802326,4501,4,2004-12-24
2076458,4501,4,2005-06-28
816549,4501,3,2005-06-30
533895,4501,4,2005-09-03
114296,4501,1,2005-06-01
193876,4501,2,2005-06-29
1022903,4501,4,2005-05-26
1784150,4501,2,2005-05-17
742359,4501,1,2005-06-27
670922,4501,4,2005-09-23
660175,4501,4,2005-10-06
183754,4501,3,2005-07-21
1578279,4501,1,2005-06-06
830875,4501,4,2005-07-04
875956,4501,4,2005-09-16
369821,4501,1,2005-10-16
1684177,4501,4,2005-10-31
856436,4501,3,2005-08-09
2066905,4501,2,2005-06-24
1001129,4501,3,2005-05-22
1511683,4501,1,2005-05-24
1351545,4501,2,2005-06-02
201218,4501,1,2005-07-19
2314767,4501,4,2005-08-27
2242884,4501,3,2005-09-01
1617799,4501,2,2005-06-14
296608,4501,1,2005-11-22
2571175,4501,4,2005-07-27
2281080,4501,3,2005-08-16
1406313,4501,3,2005-08-22
90281,4501,4,2005-05-17
727242,4501,1,2005-06-13
1929487,4501,3,2005-06-13
784901,4501,3,2005-09-30
2122991,4501,4,2005-11-21
478176,4501,4,2005-05-23
627312,4501,2,2005-05-24
1532920,4501,5,2005-05-31
2296969,4501,3,2005-07-07
1861903,4501,1,2005-07-24
649714,4501,3,2005-05-24
2636960,4501,4,2005-06-01
2191732,4501,2,2005-06-13
797522,4501,1,2005-10-31
793467,4501,3,2005-11-14
113694,4501,3,2005-08-03
2286614,4501,2,2005-06-12
2539141,4501,1,2005-10-12
2408917,4501,2,2005-11-21
1476386,4501,2,2005-07-11
1172929,4501,2,2005-08-18
1314869,4501,1,2005-05-16
2337785,4501,4,2005-05-23
1132940,4501,4,2005-06-14
1436160,4501,2,2005-10-04
2237750,4501,3,2005-10-05
567473,4501,3,2005-07-10
373557,4501,2,2005-07-22
2247646,4501,3,2005-09-28
129409,4501,2,2005-07-18
1191566,4501,3,2005-05-27
1079697,4501,4,2005-06-21
989,4501,2,2005-06-23
2370314,4501,1,2005-08-09
580963,4501,4,2005-06-14
430013,4501,4,2005-11-30
1192959,4501,2,2005-06-13
1099792,4501,2,2005-06-29
217082,4501,4,2005-10-25
2358651,4501,3,2005-05-24
1202465,4501,2,2005-06-29
2439493,4501,1,2003-06-04
1869389,4501,3,2005-06-19
1313998,4501,1,2005-07-11
720436,4501,4,2005-05-24
857140,4501,2,2005-06-09
2317166,4501,3,2005-06-27
2464121,4501,4,2005-06-01
44402,4501,5,2005-06-07
2146017,4501,4,2005-11-14
2341690,4501,5,2005-05-19
2145742,4501,4,2005-06-12
2362938,4501,1,2005-06-25
2526250,4501,4,2005-12-07
1073450,4501,4,2005-07-11
2329445,4501,4,2005-08-02
2066458,4501,1,2004-07-30
1156854,4501,3,2005-06-07
1776694,4501,2,2005-06-14
2087189,4501,4,2005-05-27
841535,4501,4,2005-06-23
740526,4501,3,2005-05-26
1654621,4501,5,2005-05-28
1644997,4501,3,2005-06-15
2391423,4501,3,2005-07-16
1276125,4501,3,2005-08-11
251967,4501,4,2005-06-04
636185,4501,5,2005-06-17
2016834,4501,2,2005-08-12
1136807,4501,3,2005-09-06
1845565,4501,3,2005-10-28
2315809,4501,4,2005-11-02
952202,4501,3,2005-05-20
728801,4501,3,2005-05-27
1218927,4501,4,2005-06-07
1479743,4501,4,2005-10-07
393554,4501,3,2005-10-26
1093574,4501,3,2005-12-05
63728,4501,3,2005-06-07
1252629,4501,4,2005-11-14
2421961,4501,3,2005-08-14
1948935,4501,1,2005-08-15
2057571,4501,3,2005-06-09
1221212,4501,3,2005-10-17
1739884,4501,4,2005-05-23
384137,4501,3,2005-06-09
1821403,4501,1,2005-06-23
1338206,4501,4,2005-07-17
1429267,4501,3,2005-07-25
1241060,4501,4,2005-05-19
2571748,4501,4,2005-07-03
280382,4501,3,2005-09-27
1340025,4501,3,2005-07-19
39242,4501,2,2005-10-19
2436290,4501,3,2005-11-29
2065591,4501,3,2005-07-09
1011516,4501,3,2005-06-13
780687,4501,4,2005-05-23
373956,4501,2,2005-06-25
2439715,4501,3,2005-06-27
1403121,4501,1,2005-07-09
1107368,4501,4,2005-06-08
447177,4501,1,2005-06-25
2030978,4501,2,2005-06-26
2045883,4501,1,2005-10-07
857795,4501,1,2005-07-12
1105029,4501,3,2005-07-14
1163369,4501,4,2005-08-19
1734488,4501,4,2005-06-14
2050991,4501,5,2005-06-15
1075356,4501,3,2005-06-27
1382130,4501,4,2005-11-22
1236114,4501,4,2005-08-01
252540,4501,4,2005-06-18
1289344,4501,4,2005-11-03
591250,4501,3,2005-06-16
1215094,4501,4,2005-10-03
709881,4501,3,2005-10-04
2598766,4501,4,2005-11-12
2267504,4501,3,2005-07-19
729920,4501,2,2005-08-15
1348110,4501,3,2005-06-15
2309116,4501,4,2005-10-13
2616874,4501,2,2005-07-16
794387,4501,2,2005-08-29
359681,4501,4,2005-05-23
1013603,4501,4,2005-06-13
1307756,4501,1,2005-06-17
29185,4501,5,2005-09-06
1284029,4501,4,2005-12-22
661071,4501,3,2005-08-07
625432,4501,4,2005-06-26
389377,4501,4,2003-03-08
2314335,4501,3,2005-05-22
2042978,4501,4,2005-05-22
274292,4501,3,2005-09-10
1957972,4501,1,2005-08-22
901511,4501,3,2005-06-14
2641668,4501,3,2005-06-22
1132373,4501,2,2005-09-14
1636791,4501,3,2005-08-23
831912,4501,5,2005-06-29
2448207,4501,4,2005-07-14
955719,4501,2,2005-07-23
554626,4501,2,2005-08-12
504711,4501,4,2005-06-22
1241718,4501,3,2005-07-05
1530425,4501,3,2005-08-06
236894,4501,4,2005-05-20
767929,4501,3,2005-06-08
1066935,4501,2,2005-11-03
972437,4501,4,2005-05-31
312601,4501,3,2005-06-13
1388915,4501,4,2005-09-29
303270,4501,3,2005-10-03
2120917,4501,2,2005-07-07
193454,4501,3,2005-05-27
2398368,4501,1,2005-06-18
46529,4501,5,2005-06-23
1914173,4501,1,2005-06-29
818105,4501,4,2005-12-20
2250382,4501,2,2005-07-05
1901576,4501,4,2005-08-02
1874135,4501,3,2005-08-16
1255155,4501,2,2005-11-21
518829,4501,3,2005-07-18
1382430,4501,4,2005-06-15
1681459,4501,3,2005-06-16
853083,4501,4,2005-06-20
2252505,4501,3,2005-06-22
1664010,4501,5,2005-10-15
1388194,4501,1,2005-09-13
1203925,4501,3,2005-06-09
1681970,4501,1,2005-06-17
481077,4501,3,2005-08-20
390955,4501,3,2005-06-07
2613213,4501,3,2005-06-23
1481558,4501,2,2005-06-25
389157,4501,2,2005-06-29
2139616,4501,1,2005-06-28
152955,4501,4,2005-07-01
453477,4501,4,2005-09-07
378346,4501,3,2005-09-29
2145701,4501,4,2005-11-22
1713480,4501,1,2005-07-12
2596403,4501,5,2005-06-13
2297136,4501,1,2005-05-30
1502539,4501,3,2005-06-16
84670,4501,2,2005-07-10
1152696,4501,2,2005-07-18
1489599,4501,2,2005-07-19
291712,4501,4,2005-05-23
257165,4501,2,2005-06-17
1679973,4501,3,2005-06-22
332154,4501,4,2005-08-29
93419,4501,2,2005-05-27
96011,4501,4,2005-06-06
612275,4501,4,2005-06-11
1362663,4501,2,2005-10-01
1459955,4501,2,2005-08-18
1275379,4501,1,2005-06-24
2374807,4501,3,2005-05-31
1440602,4501,3,2005-06-07
2597664,4501,4,2005-06-07
1207334,4501,3,2005-10-04
964232,4501,4,2005-10-25
1992028,4501,3,2005-07-14
1186910,4501,2,2005-06-16
2247310,4501,4,2005-06-25
15536,4501,2,2005-06-29
1885424,4501,4,2005-07-08
1361352,4501,4,2005-07-10
1433050,4501,3,2005-08-04
1462315,4501,3,2005-08-12
2258269,4501,3,2005-11-14
1331155,4501,3,2005-07-18
866475,4501,3,2004-11-07
567847,4501,3,2005-06-09
2084067,4501,4,2005-06-12
129058,4501,3,2005-09-04
2498721,4501,3,2005-10-10
649322,4501,2,2005-07-02
2167944,4501,3,2005-10-31
2243170,4501,3,2005-07-13
137187,4501,1,2005-07-18
616839,4501,3,2005-06-03
103699,4501,2,2005-06-29
367518,4501,4,2005-08-26
56272,4501,3,2005-06-16
952063,4501,1,2005-06-01
242425,4501,1,2005-06-11
1708442,4501,4,2005-09-29
450899,4501,2,2005-11-09
274135,4501,3,2005-06-07
1587311,4501,3,2005-06-15
2597866,4501,3,2005-09-24
2534526,4501,3,2005-07-12
366740,4501,5,2005-10-26
527994,4501,4,2005-11-21
2258116,4501,3,2005-11-22
744213,4501,3,2005-05-23
653682,4501,3,2005-05-31
2550711,4501,5,2005-05-31
1154184,4501,3,2005-06-19
780296,4501,3,2005-09-29
841811,4501,4,2005-08-27
1672753,4501,2,2005-06-20
215104,4501,3,2005-05-20
1377693,4501,3,2005-05-25
1541326,4501,3,2005-08-04
1556831,4501,1,2005-06-13
2292120,4501,4,2005-06-24
563705,4501,3,2005-11-12
2604517,4501,4,2005-11-20
1753820,4501,3,2005-07-06
1922694,4501,2,2005-08-17
74183,4501,3,2005-08-24
384821,4501,5,2005-05-23
2561301,4501,4,2005-06-11
1511156,4501,2,2005-06-27
1429262,4501,2,2005-05-22
2365141,4501,2,2005-07-11
2606799,4501,2,2005-05-16
1757495,4501,5,2005-10-04
1147583,4501,3,2005-11-02
231712,4501,3,2005-07-12
1171232,4501,3,2005-09-02
1964407,4501,4,2005-06-15
535337,4501,3,2005-07-17
43269,4501,3,2005-07-19
1324333,4501,3,2005-06-22
896636,4501,5,2005-12-03
1925392,4501,2,2005-07-11
1349389,4501,3,2005-07-17
2630391,4501,3,2005-07-17
1320859,4501,4,2005-06-16
2009508,4501,3,2005-06-21
2239189,4501,2,2005-09-03
597358,4501,2,2005-12-12
1902133,4501,3,2005-08-03
1416712,4501,1,2005-10-26
943880,4501,3,2005-07-26
1637823,4501,5,2005-10-27
1800814,4501,4,2005-11-08
1090951,4501,5,2005-07-26
1338823,4501,4,2005-05-31
83218,4501,4,2005-06-28
848260,4501,4,2005-07-01
1161441,4501,3,2005-07-22
1806407,4501,3,2005-10-12
1634480,4501,4,2005-11-02
1889913,4501,2,2005-07-07
915201,4501,2,2005-10-08
602481,4501,4,2005-07-05
1763559,4501,4,2005-10-20
1104400,4501,4,2005-10-26
1290249,4501,2,2005-08-27
900263,4501,3,2005-08-29
467182,4501,3,2005-07-01
2006543,4501,4,2005-10-02
176774,4501,3,2005-10-25
930351,4501,4,2005-07-08
439729,4501,3,2005-08-31
1132655,4501,5,2005-05-20
500066,4501,5,2005-06-06
340138,4501,4,2005-06-12
592195,4501,4,2005-07-10
305344,4501,1,2003-11-08
637496,4501,1,2005-08-14
2204091,4501,4,2005-09-06
1725226,4501,3,2005-05-21
1484680,4501,4,2005-10-12
905467,4501,3,2005-07-06
2410249,4501,4,2005-07-21
412641,4501,3,2005-07-23
2576024,4501,3,2005-09-02
2414931,4501,3,2005-09-06
194406,4501,3,2005-11-14
171953,4501,1,2005-08-08
877060,4501,3,2005-06-06
2548832,4501,4,2005-06-05
2510346,4501,4,2005-06-08
343411,4501,5,2005-07-01
1497892,4501,2,2005-10-03
664542,4501,2,2005-10-02
2165743,4501,3,2005-07-26
1992776,4501,2,2005-08-10
1816541,4501,3,2005-07-02
476695,4501,4,2005-10-26
1700131,4501,2,2005-05-24
221165,4501,1,2005-06-18
1018992,4501,2,2005-06-27
828236,4501,5,2005-11-07
2317837,4501,4,2005-12-13
2269901,4501,3,2005-07-28
2144856,4501,3,2005-07-29
334203,4501,4,2005-06-01
2150746,4501,3,2005-06-23
2442175,4501,4,2005-07-05
767582,4501,4,2005-08-29
25836,4501,2,2005-11-27
1509354,4501,5,2005-08-23
2587646,4501,3,2005-06-09
469398,4501,3,2005-10-05
1969248,4501,4,2005-07-13
2351311,4501,2,2005-06-22
2016657,4501,3,2005-06-27
1680872,4501,5,2005-06-14
2169517,4501,2,2005-05-24
2443642,4501,2,2005-07-03
2533291,4501,5,2005-07-03
1487832,4501,3,2005-09-12
572852,4501,3,2005-11-09
518079,4501,1,2005-11-20
2507922,4501,5,2005-05-24
42275,4501,4,2005-06-02
1310778,4501,2,2005-06-21
1763451,4501,3,2005-06-27
2240629,4501,3,2005-10-05
1405324,4501,4,2005-10-17
1709888,4501,4,2005-07-14
1015971,4501,4,2005-06-06
135736,4501,5,2005-06-23
523905,4501,4,2005-07-06
2401209,4501,3,2005-08-22
2598647,4501,3,2005-05-26
338047,4501,3,2005-06-11
2309825,4501,3,2005-11-22
1006874,4501,3,2005-07-06
1506639,4501,1,2005-08-01
2430904,4501,2,2005-06-14
1604779,4501,5,2005-07-02
1221519,4501,3,2005-10-09
1132526,4501,4,2005-08-23
453217,4501,3,2005-05-19
98341,4501,4,2005-06-27
875399,4501,4,2005-10-04
2618879,4501,4,2005-09-01
1430239,4501,3,2005-07-06
2032154,4501,3,2005-08-25
1610407,4501,3,2005-06-20
2538176,4501,1,2005-06-29
1784534,4501,1,2005-07-06
1543140,4501,1,2005-09-03
1130374,4501,3,2005-11-10
1666106,4501,3,2005-07-17
501279,4501,4,2005-07-30
533253,4501,4,2005-08-27
655175,4501,3,2005-06-15
1598717,4501,3,2005-08-04
1935097,4501,5,2005-08-30
1775183,4501,1,2005-06-12
1999876,4501,3,2005-06-23
2562653,4501,4,2005-06-27
2117432,4501,5,2005-07-25
171276,4501,2,2005-08-23
837133,4501,3,2005-05-20
1550359,4501,3,2005-09-23
592691,4501,4,2005-06-04
2126849,4501,3,2005-11-06
586388,4501,1,2005-06-27
2118613,4501,3,2005-12-21
2018104,4501,5,2005-12-28
193175,4501,5,2005-08-28
970008,4501,2,2005-06-20
1486247,4501,1,2005-07-05
1737808,4501,3,2005-07-19
1816708,4501,3,2005-08-04
2121720,4501,2,2005-07-02
522848,4501,4,2005-07-19
253028,4501,2,2005-08-29
1627987,4501,2,2005-05-20
2029513,4501,3,2005-06-21
230444,4501,4,2005-07-21
361780,4501,2,2005-07-28
1056156,4501,3,2005-05-30
2118461,4501,4,2005-10-29
2050772,4501,5,2005-08-10
1211416,4501,3,2005-10-21
1258892,4501,2,2005-06-06
567426,4501,2,2005-06-22
1250400,4501,1,2005-09-22
1511274,4501,3,2005-10-10
387418,4501,2,2004-02-09
706524,4501,4,2005-08-15
1421249,4501,3,2005-06-13
2614077,4501,1,2005-06-22
1015739,4501,3,2005-07-15
889734,4501,4,2005-12-13
1813543,4501,2,2005-08-01
1473750,4501,3,2005-09-13
2447256,4501,3,2005-12-18
2101759,4501,5,2005-06-13
2342528,4501,1,2005-06-15
999752,4501,3,2005-08-21
1194594,4501,4,2005-09-03
966757,4501,3,2005-05-25
1051251,4501,3,2005-06-13
441313,4501,3,2005-09-27
933094,4501,2,2005-08-10
1872961,4501,1,2005-08-26
794999,4501,5,2005-05-24
1834123,4501,4,2005-06-01
981733,4501,3,2005-06-16
1176114,4501,1,2005-10-14
688869,4501,3,2005-07-20
1266186,4501,3,2005-08-11
1824861,4501,3,2005-08-14
2526291,4501,4,2005-05-19
2190996,4501,3,2005-06-03
1645904,4501,3,2005-06-05
209104,4501,2,2005-06-14
368124,4501,3,2005-07-02
2452802,4501,3,2005-10-04
1757769,4501,2,2005-07-03
1913241,4501,1,2005-06-16
133165,4501,2,2005-09-23
758139,4501,5,2005-09-28
829708,4501,4,2005-07-16
584643,4501,3,2005-07-22
874765,4501,3,2005-07-22
1152383,4501,4,2005-08-25
1180266,4501,3,2005-11-05
1453265,4501,3,2005-07-07
2649376,4501,4,2005-08-01
2090063,4501,3,2005-09-18
1262490,4501,3,2005-05-24
1893668,4501,1,2005-06-09
745031,4501,2,2005-06-13
1448792,4501,2,2005-11-07
1680877,4501,2,2005-07-05
827801,4501,4,2005-07-13
2199229,4501,4,2005-06-24
586659,4501,5,2005-05-26
57633,4501,3,2005-05-27
790471,4501,4,2005-07-25
1573062,4501,2,2005-08-21
2190905,4501,3,2005-07-12
869544,4501,3,2005-07-13
1555156,4501,3,2005-07-20
1736609,4501,2,2005-07-28
1645954,4501,3,2005-08-24
2274652,4501,3,2005-06-29
1334851,4501,4,2005-06-01
2302245,4501,4,2005-11-08
2577168,4501,4,2005-07-07
1256961,4501,3,2005-07-12
2116135,4501,4,2005-08-13
1906240,4501,4,2005-05-21
1694379,4501,3,2005-11-27
272697,4501,4,2005-07-15
33849,4501,4,2005-08-17
311213,4501,3,2005-07-06
2487211,4501,2,2005-07-18
1721447,4501,3,2005-08-05
1219114,4501,3,2005-12-21
2615035,4501,4,2004-10-24
316155,4501,4,2005-05-29
766569,4501,2,2005-07-25
2307511,4501,3,2005-07-27
1422478,4501,4,2005-08-20
2621492,4501,2,2005-09-28
371518,4501,5,2005-10-29
1191253,4501,1,2005-12-04
1711016,4501,4,2003-05-01
1053310,4501,2,2005-09-27
749178,4501,2,2005-07-08
428688,4501,4,2004-08-31
1114007,4501,2,2005-06-13
828095,4501,2,2005-07-23
165821,4501,5,2005-07-26
1320022,4501,3,2005-07-28
1262080,4501,4,2005-08-24
1699947,4501,3,2005-06-10
2447275,4501,4,2005-09-25
1561647,4501,4,2005-07-25
1494367,4501,1,2005-08-04
1659647,4501,4,2005-08-31
1387753,4501,1,2005-06-30
890668,4501,5,2005-08-31
2469112,4501,3,2005-06-02
448137,4501,5,2005-05-20
2375059,4501,2,2005-06-27
2570936,4501,3,2005-09-09
1956586,4502,2,2004-12-02
262411,4502,2,2003-10-28
1379793,4502,2,2003-12-21
1181550,4502,2,2003-09-19
2380338,4502,3,2005-02-13
1841531,4502,1,2005-06-06
1559022,4502,2,2004-07-17
2216240,4502,1,2004-02-02
1001129,4502,2,2004-10-29
2396806,4502,1,2004-05-15
235789,4502,2,2004-10-27
507378,4502,2,2005-10-22
1314869,4502,2,2005-02-10
582730,4502,5,2005-10-19
865481,4502,3,2005-06-04
2439493,4502,1,2003-11-22
236624,4502,2,2004-04-28
361375,4502,2,2004-03-24
48210,4502,4,2005-04-18
1529376,4502,3,2005-04-24
1405644,4502,3,2004-01-15
1481386,4502,1,2005-04-03
2040859,4502,1,2004-11-23
1245526,4502,5,2003-11-20
2584252,4502,2,2005-11-28
781610,4502,1,2004-02-18
757456,4502,2,2003-10-19
1426404,4502,3,2004-06-29
1154952,4502,3,2005-03-28
2051278,4502,4,2005-07-25
681587,4502,3,2004-12-03
78238,4502,4,2004-07-31
1928961,4502,4,2003-11-05
91701,4502,2,2005-08-01
1583631,4502,2,2004-10-10
381850,4502,1,2004-01-26
1773565,4502,4,2004-09-14
1657179,4502,1,2004-06-01
2415495,4502,2,2005-10-15
1852784,4502,1,2004-12-28
238986,4502,5,2004-08-08
1495111,4502,1,2005-07-16
264402,4502,4,2005-08-23
106461,4502,2,2004-02-26
510834,4502,2,2005-06-05
1664010,4502,3,2005-10-17
961601,4502,1,2004-02-03
876475,4502,3,2005-09-13
1480932,4502,1,2004-02-15
851111,4502,2,2003-10-28
2382338,4502,4,2004-05-08
2251193,4502,1,2005-09-29
1633082,4502,3,2004-02-02
1942793,4502,1,2004-01-01
2625079,4502,1,2005-08-10
2293836,4502,1,2005-06-21
603878,4502,2,2004-08-17
1704223,4502,1,2004-01-23
2485957,4502,3,2005-01-26
1647000,4502,2,2005-09-21
36395,4502,2,2005-06-02
765132,4502,3,2005-12-02
1224566,4502,1,2003-10-28
1568483,4502,1,2005-05-05
621880,4502,4,2005-08-19
1945693,4502,4,2004-07-07
857404,4502,2,2003-10-09
151153,4502,5,2005-11-19
305344,4502,1,2003-08-26
1403217,4502,2,2005-08-23
2201470,4502,3,2004-12-06
478815,4502,2,2005-07-19
1992319,4502,2,2004-12-23
2605939,4502,1,2005-07-06
1352367,4502,2,2004-08-17
476080,4502,1,2005-05-19
2021291,4502,2,2005-02-10
1600301,4502,2,2004-03-25
219888,4502,2,2005-08-20
2425716,4502,1,2004-09-03
425238,4502,3,2004-04-09
538178,4502,1,2004-01-10
620938,4502,1,2004-09-07
394528,4502,1,2004-07-22
2118461,4502,3,2005-12-22
522180,4502,2,2003-09-08
387418,4502,1,2003-10-10
876005,4502,1,2003-10-07
2241408,4502,2,2004-09-14
868173,4502,1,2003-12-24
714368,4502,2,2003-10-17
1932594,4502,2,2005-02-15
881346,4502,3,2004-07-15
983097,4502,2,2004-11-22
2536517,4502,1,2004-05-20
1602153,4502,2,2004-05-09
1639792,4502,1,2003-08-31
2017112,4502,2,2005-11-12
1002509,4502,1,2004-03-27
1890044,4502,1,2004-08-08
1567792,4502,4,2005-05-17
2636318,4502,5,2005-04-16
1631534,4502,1,2004-07-26
539743,4502,1,2005-04-21
914547,4503,4,2005-07-06
306466,4503,3,2001-05-22
1945809,4503,1,2001-05-23
1109700,4503,5,2001-09-25
1331887,4503,3,2002-04-10
2084572,4503,3,2002-04-12
1276913,4503,2,2003-08-05
1744889,4503,3,2002-09-04
2628220,4503,4,2004-06-10
1644750,4503,3,2003-08-04
1242432,4503,3,2004-07-12
1296163,4503,3,2004-10-01
1989800,4503,4,2004-11-05
466862,4503,4,2005-06-03
14690,4503,3,2000-07-29
861088,4503,3,2000-08-17
635363,4503,4,2001-04-18
326587,4503,3,2002-12-03
1438855,4503,3,2002-03-01
2082617,4503,3,2005-05-22
2609870,4503,1,2005-10-18
603277,4503,1,2000-02-02
1998117,4503,3,2002-03-12
76196,4503,3,2001-12-05
1714006,4503,5,2004-08-30
2503887,4503,4,2004-07-27
2161899,4503,3,2005-05-06
2259898,4503,3,2004-07-23
1651246,4503,1,2004-01-03
2637831,4503,2,2004-08-26
2551641,4503,4,2003-07-23
1053801,4503,4,2004-01-04
119287,4503,3,2003-09-14
958125,4503,3,2004-04-14
316685,4503,3,2004-12-07
2430016,4503,4,2005-01-10
2312349,4503,3,2005-04-20
1148490,4503,1,2005-06-01
1959265,4503,4,2001-02-12
1277134,9211,1,2003-12-02
2435457,9211,2,2005-06-01
2338545,9211,3,2001-02-17
2218269,9211,1,2002-12-27
441153,9211,4,2002-10-11
1921624,9211,2,2005-08-31
2096652,9211,3,2004-05-31
818736,9211,2,2004-02-17
284560,9211,3,2003-07-27
1211224,9211,5,2004-05-08
1984086,9211,1,2004-09-16
1389539,9211,3,2005-06-07
454575,9211,2,2004-10-23
149028,9211,3,2003-06-19
1105843,9211,2,2005-04-07
353813,9211,2,2004-08-05
903779,9211,3,2001-05-21
639194,9211,2,2003-10-19
308031,9211,4,2000-09-07
1794933,9211,1,2003-02-14
625085,9211,3,2004-05-21
893673,9211,2,2000-12-04
1704675,9211,2,2001-04-10
2116614,9211,3,2002-07-17
371300,9211,2,2004-08-10
1172345,9211,1,2005-04-23
823026,9211,2,2004-01-08
2241971,9211,2,2002-04-19
1173009,9211,2,2004-02-15
440727,9211,1,2001-08-23
2443370,9211,3,2002-08-04
85279,9211,2,2004-04-23
1785621,9211,2,2004-04-18
1620439,9211,3,2005-05-07
1792790,9211,3,2003-12-08
155342,9211,1,2003-01-21
1583838,9211,4,2004-08-13
1503647,9211,1,2004-02-02
737709,9211,1,2004-10-18
1559022,9211,3,2004-05-15
569379,9211,3,2004-11-22
690965,9211,2,2005-07-13
1873127,9211,2,2001-04-14
694791,9211,3,2005-03-01
791076,9211,2,2005-07-03
2041150,9211,3,2004-12-15
1864787,9211,1,2005-06-06
1147765,9211,2,2005-11-16
2396806,9211,1,2004-02-08
124810,9211,1,2005-01-01
2127114,9211,1,2000-12-25
2455949,9211,1,2003-11-24
727242,9211,1,2003-10-05
981593,9211,3,2000-11-24
1725009,9211,2,2004-07-12
1369550,9211,4,2004-08-09
151048,9211,4,2004-07-19
235031,9211,2,2000-09-12
1120781,9211,4,2002-03-27
255960,9211,2,2003-02-14
162925,9211,3,2003-05-05
1054564,9211,2,2005-03-08
2379278,9211,2,2004-02-29
2322224,9211,2,2000-06-15
2411610,9211,2,2002-06-23
555509,9211,1,2004-09-18
1794320,9211,3,2004-07-28
391799,9211,3,2000-06-16
2237185,9211,1,2001-07-07
782611,9211,1,2002-07-28
1970847,9211,2,2004-02-01
2197514,9211,3,2004-01-29
2173078,9211,2,2005-02-14
1139570,9211,3,2001-05-16
1842197,9211,2,2003-03-08
1003143,9211,1,2004-01-20
1383706,9211,2,2001-02-18
2439493,9211,1,2003-01-15
2615661,9211,3,2002-07-04
447282,9211,3,2005-05-06
586257,9211,2,2005-10-19
1141213,9211,2,2003-03-07
8121,9211,1,2004-05-11
97578,9211,2,2003-07-27
1914525,9211,2,2004-04-05
2055733,9211,3,2005-01-04
2532220,9211,3,2005-09-08
394622,9211,4,2004-10-22
869373,9211,2,2003-09-27
284489,9211,2,2005-01-29
833381,9211,4,2004-11-15
1310195,9211,2,2005-09-21
1959049,9211,3,2001-11-25
932046,9211,1,2003-10-11
2015927,9211,2,2003-12-23
2442581,9211,2,2002-09-03
2017364,9211,2,2003-03-20
632193,9211,1,2002-10-09
671743,9211,2,2003-06-06
42128,9211,3,2004-04-05
670205,9211,3,2004-07-26
52439,9211,3,2005-01-12
1409687,9211,2,2004-05-04
735260,9211,2,2005-05-24
1473980,9211,3,2005-09-26
565510,9211,2,2000-05-15
1607747,9211,2,2000-12-30
2509542,9211,4,2005-08-02
659285,9211,4,2003-05-28
83914,9211,5,2005-04-11
410402,9211,2,2002-09-12
862592,9211,3,2005-06-01
1316718,9211,3,2004-03-22
380673,9211,3,2005-01-24
1935614,9211,1,2005-10-03
44159,9211,4,2005-11-21
127671,9211,3,2002-11-23
1194698,9211,2,2004-02-19
1006570,9211,4,2005-01-24
1320684,9211,3,2004-10-28
367127,9211,2,2001-03-03
2420844,9211,2,2005-08-02
1903324,9211,1,2004-01-28
512490,9211,4,2003-07-05
2565600,9211,2,2005-04-23
1162050,9211,1,2000-09-15
1943605,9211,3,2004-05-12
943817,9211,3,2002-08-01
882543,9211,5,2005-03-16
501823,9211,5,2005-05-31
1922072,9211,3,2000-09-05
2457095,9211,2,2004-11-15
269316,9211,3,2005-03-24
1876520,9211,1,2002-06-13
1933832,9211,2,2002-10-02
34092,9211,1,2005-08-09
2451907,9211,3,2004-04-06
1611056,9211,2,2005-03-25
902293,9211,4,2003-07-07
1200651,9211,3,2003-11-20
590607,9211,3,2003-07-18
2157535,9211,3,2004-08-26
1997212,9211,2,2002-10-22
2190310,9211,1,2001-04-02
554137,9211,3,2004-08-23
1554887,9211,3,2004-04-05
975712,9211,3,2005-05-01
196716,9211,5,2004-03-21
2112141,9211,3,2001-01-19
1488776,9211,1,2004-06-07
1586546,9211,3,2004-11-09
1120581,9211,2,2004-09-14
494200,9211,2,2003-12-21
1268483,9211,3,2004-07-27
1575729,9211,2,2004-11-24
1548355,9211,3,2005-07-02
1061993,9211,2,2005-10-31
671859,9211,2,2001-07-24
2432474,9211,2,2003-09-14
998502,9211,3,2004-10-19
1297706,9211,4,2002-05-14
1754537,9211,2,2002-08-03
1346837,9211,3,2002-07-03
1994646,9211,2,2005-08-22
2273948,9211,3,2005-10-17
1191743,9211,3,2002-05-31
452494,9211,3,2004-06-12
1552084,9211,2,2004-05-20
437840,9211,3,2004-10-18
176853,9211,2,2005-01-25
2047178,9211,3,2005-04-20
1551018,9211,5,2001-01-24
363777,9211,3,2003-06-10
613651,9211,3,2005-08-05
776126,9211,3,2004-04-22
838584,9211,1,2001-12-07
2052290,9211,2,2004-03-01
1957786,9211,3,2004-04-08
2417531,9211,3,2003-10-07
1349656,9211,3,2004-08-16
701443,9211,2,2002-08-09
1362004,9211,3,2005-09-06
900992,9211,2,2003-09-07
9557,9211,2,2004-03-04
1664010,9211,3,2005-10-13
2125415,9211,2,2002-04-18
2296108,9211,2,2004-09-04
305343,9211,2,2005-07-15
1563783,9211,1,2002-04-26
511942,9211,1,2003-05-20
776905,9211,4,2005-09-03
943538,9211,3,2004-02-20
2334472,9211,2,2005-01-04
985372,9211,2,2002-04-27
1848257,9211,1,2004-10-31
156898,9211,1,2005-06-01
550341,9211,2,2003-05-20
1502539,9211,1,2003-01-22
619027,9211,2,2002-10-17
1811248,9211,1,2004-01-06
1377382,9211,4,2005-02-25
2180934,9211,2,2002-03-27
751829,9211,5,2005-04-19
285330,9211,2,2005-10-12
491739,9211,4,2000-09-15
919160,9211,2,2003-01-13
1677588,9211,1,2002-02-19
2553038,9211,3,2005-08-15
1725751,9211,2,2003-08-28
25049,9211,1,2004-05-18
2509048,9211,4,2004-03-29
1733851,9211,3,2004-09-17
1325847,9211,4,2005-03-18
1749706,9211,3,2005-07-04
2273061,9211,2,2004-06-08
1965022,9211,2,2005-09-19
1780748,9211,3,2005-12-21
2326523,9211,3,2003-06-30
956510,9211,3,2004-11-18
1568841,9211,3,2003-12-09
285400,9211,1,2005-01-23
2497577,9211,2,2005-04-11
828349,9211,2,2000-11-15
2076738,9211,1,2002-03-14
1051931,9211,4,2005-09-04
2100306,9211,1,2004-03-30
1275931,9211,3,2004-10-20
2019240,9211,2,2005-03-05
710049,9211,3,2003-07-22
1664033,9211,1,2003-06-17
1270278,9211,2,2004-07-18
1961656,9211,1,2001-01-23
644154,9211,1,2003-07-02
2251124,9211,2,2004-10-18
2291306,9211,2,2004-02-19
2456905,9211,3,2004-07-01
604661,9211,1,2005-06-01
1523169,9211,2,2003-12-23
677888,9211,3,2003-12-31
2088567,9211,4,2004-05-25
1087376,9211,2,2005-09-10
2524717,9211,3,2005-01-04
1238184,9211,1,2002-06-14
991810,9211,5,2005-02-18
1122906,9211,2,2005-03-25
418550,9211,2,2005-02-23
2385512,9211,1,2005-05-23
914940,9211,2,2005-08-05
2301108,9211,1,2004-03-12
2002198,9211,3,2003-09-22
448086,9211,3,2003-12-18
1184029,9211,1,2005-01-04
1042584,9211,1,2001-07-10
2433610,9211,2,2002-05-16
2394704,9211,1,2005-11-09
529889,9211,3,2001-02-11
700049,9211,3,2002-01-24
491531,9211,1,2002-08-04
341933,9211,3,2004-09-01
1811259,9211,3,2005-11-25
2413595,9211,4,2003-10-06
411852,9211,3,2004-10-05
1348456,9211,1,2002-10-10
1950613,9211,3,2003-03-03
2649308,9211,2,2004-02-04
1726040,9211,1,2000-12-26
2034012,9211,1,2003-04-04
1623198,9211,3,2003-04-01
812119,9211,3,2005-06-10
2144716,9211,4,2003-05-09
111690,9211,3,2004-03-15
1409036,9211,2,2003-05-14
438814,9211,2,2000-09-20
119601,9211,2,2003-01-18
2501510,9211,3,2004-03-18
1041253,9211,2,2004-08-24
2510970,9211,1,2001-09-08
352712,9211,3,2002-04-18
318235,9211,1,2003-09-30
2302920,9211,2,2002-05-07
1048813,9211,3,2002-04-04
1431136,9211,2,2004-06-18
1539884,9211,1,2004-01-28
360005,9211,2,2005-02-23
2513067,9211,2,2005-02-28
789014,9211,3,2005-03-22
2295594,9211,3,2002-05-19
798296,9211,1,2002-10-19
2308465,9211,2,2004-04-27
1933656,9211,2,2004-06-16
2105815,9211,3,2004-12-22
399971,9211,3,2004-12-30
848891,9211,3,2005-09-09
1240950,9211,2,2005-10-21
1635121,9211,3,2000-06-02
957156,9211,3,2002-09-19
515016,9211,1,2004-03-11
2266937,9211,4,2004-01-19
508927,9211,3,2003-06-25
1627955,9211,1,2004-05-12
1389358,9211,5,2004-09-15
2646347,9211,3,2004-07-01
1301942,9211,1,2004-12-28
1608476,9211,4,2005-02-27
229716,9211,4,2002-01-17
305344,9211,1,2003-05-22
372888,9211,1,2003-12-10
427379,9211,1,2004-07-15
73988,9211,2,2005-01-08
349905,9211,2,2003-05-02
1068647,9211,2,2003-10-22
637596,9211,3,2002-03-14
2118771,9211,2,2001-01-05
1444817,9211,2,2002-06-29
1075294,9211,2,2004-06-13
853266,9211,3,2002-10-30
1104415,9211,3,2004-03-04
261806,9211,3,2005-01-25
718565,9211,4,2002-04-30
1988735,9211,2,2002-11-06
851211,9211,3,2004-10-24
649017,9211,2,2004-09-13
2372703,9211,3,2003-12-09
2640278,9211,4,2004-04-25
2586088,9211,3,2004-11-21
1214492,9211,1,2000-11-28
1851166,9211,1,2003-06-09
2584676,9211,1,2005-12-22
1087451,9211,2,2005-12-26
1985315,9211,2,2001-07-16
1586276,9211,1,2002-08-22
161081,9211,2,2002-06-08
2451635,9211,3,2004-07-08
2155529,9211,3,2004-10-12
108936,9211,3,2004-07-11
411512,9211,1,2001-10-04
159159,9211,2,2004-01-27
1898553,9211,2,2003-07-07
2287125,9211,2,2003-12-18
2644945,9211,2,2004-03-17
1283171,9211,4,2004-05-08
2224330,9211,4,2005-10-23
2044154,9211,2,2005-09-06
1891929,9211,3,2005-03-29
743654,9211,3,2003-07-02
752642,9211,1,2001-05-26
105864,9211,2,2005-07-18
878468,9211,1,2002-07-24
1075444,9211,2,2004-02-10
1158274,9211,1,2003-12-10
1449064,9211,3,2004-11-04
1279037,9211,1,2004-08-22
949243,9211,3,2004-07-21
579100,9211,2,2004-12-20
558852,9211,1,2002-12-21
1394605,9211,3,2003-01-08
983702,9211,3,2003-06-09
1107588,9211,1,2004-02-22
1582190,9211,4,2005-12-22
826696,9211,2,2000-10-11
1318530,9211,3,2003-01-16
924886,9211,2,2003-08-07
2232952,9211,4,2005-06-17
2242346,9211,3,2002-09-05
950079,9211,1,2002-08-09
2056022,9211,2,2004-01-27
1660384,9211,3,2004-05-17
201405,9211,3,2004-03-05
2141091,9211,3,2005-09-20
1958917,9211,3,2005-12-07
478261,9211,4,2003-07-12
2529418,9211,2,2003-12-08
1757056,9211,1,2005-04-06
812125,9211,1,2003-01-14
2528285,9211,3,2004-10-04
465414,9211,1,2004-11-21
1793809,9211,2,2002-07-23
2226220,9211,1,2002-08-15
29687,9211,2,2004-07-08
795658,9211,3,2000-07-27
1354717,9211,2,2004-01-26
374967,9211,3,2005-08-25
411290,9211,2,2004-01-16
479481,9211,1,2004-05-04
1221408,9211,2,2004-10-05
1228644,9211,3,2001-01-21
1447172,9211,3,2005-09-02
415605,9211,2,2005-03-27
2031314,9211,3,2005-04-27
908626,9211,5,2004-01-09
1516350,9211,2,2004-05-19
746375,9211,3,2001-10-03
1519378,9211,2,2005-02-06
84737,9211,3,2001-12-06
1080875,9211,2,2002-10-10
201579,9211,1,2005-08-15
2118461,9211,2,2005-10-22
2636145,9211,2,2004-01-11
98300,9211,3,2005-10-08
2412878,9211,2,2003-07-14
1860304,9211,1,2004-06-03
2598035,9211,2,2004-04-07
2593295,9211,3,2005-01-29
2061495,9211,3,2005-03-28
2179594,9211,5,2005-05-16
1548363,9211,2,2005-06-27
74501,9211,1,2000-04-18
1460630,9211,1,2001-05-28
2254751,9211,2,2001-07-27
387418,9211,3,2003-07-31
721443,9211,2,2004-03-22
1607539,9211,3,2004-07-12
853156,9211,4,2005-05-05
1121618,9211,2,2005-09-12
2508312,9211,2,2000-12-31
1382559,9211,4,2004-08-03
2085318,9211,3,2002-10-10
2503236,9211,4,2004-01-15
1114324,9211,3,2005-02-26
930061,9211,3,2005-05-25
1306863,9211,1,2002-06-19
2158527,9211,2,2002-05-10
2077456,9211,1,2000-09-09
340968,9211,4,2005-07-28
1945029,9211,3,2004-09-10
873478,9211,1,2004-09-30
2107068,9211,3,2004-11-23
581089,9211,2,2002-09-14
772337,9211,3,2004-08-03
2619337,9211,3,2004-09-25
2305283,9211,2,2005-09-20
1321549,9211,2,2001-02-12
756162,9211,3,2004-06-27
2356240,9211,3,2003-07-16
2364743,9211,2,2004-09-13
909164,9211,2,2005-02-22
2572690,9211,3,2000-12-18
1028541,9211,2,2002-03-08
1843888,9211,2,2003-04-05
74273,9211,4,2002-11-20
1436116,9211,2,2004-05-06
1369362,9211,3,2004-06-29
1950312,9211,3,2001-01-26
673305,9211,2,2002-11-20
1093270,9211,3,2003-03-17
1674535,9211,2,2004-11-22
462444,9211,2,2005-07-23
1334775,9211,2,2004-09-03
1109887,9211,2,2004-06-01
337292,9211,4,2004-08-03
1917207,9211,3,2005-04-21
1668584,9211,3,2003-06-24
2219034,9211,1,2002-03-18
1249490,9211,3,2004-04-06
33639,9211,1,2003-01-08
1639792,9211,1,2002-04-09
1233297,9211,2,2002-12-25
1668157,9211,1,2001-07-15
2344962,9211,2,2001-05-30
2347651,9211,1,2003-01-14
1531924,9211,1,2004-07-05
2491076,9211,5,2003-12-01
2500583,9211,3,2004-01-25
1127117,9211,3,2002-12-08
1555156,9211,3,2005-07-18
2502275,9211,2,2002-11-19
774535,9211,3,2005-10-17
1937340,9211,1,2002-08-06
146587,9211,2,2002-11-19
721603,9211,3,2003-08-15
1908051,9211,2,2004-10-08
1838390,9211,3,2000-06-25
663118,9211,1,2003-07-11
1367218,9211,3,2004-05-18
940778,9211,2,2003-01-05
2534532,9211,4,2002-12-31
1852040,9211,1,2004-05-13
446485,9211,2,2004-10-06
1005297,9211,2,2004-01-20
1076210,9211,3,2003-08-21
1353056,9211,3,2003-08-18
1990525,9211,2,2003-06-03
2435256,9211,3,2005-03-24
2556226,9211,4,2003-06-09
224933,9211,3,2004-05-03
315602,9211,1,2000-06-27
1276983,9211,2,2002-11-19
403118,9211,3,2005-11-04
51013,9211,1,2001-04-02
1290587,9211,4,2002-03-20
1988192,9211,1,2004-06-07
819317,9211,3,2005-04-04
865516,9211,1,2005-07-09
326668,9211,2,2001-01-13
418066,9211,2,2005-05-09
1100008,9211,1,2004-04-03
138549,9211,3,2005-06-27
2374451,9211,2,2005-05-20
1414512,9211,3,2002-12-19
2025567,9211,2,2002-07-20
2118903,9211,1,2003-07-12
1712839,9211,5,2003-04-07
1561134,9211,2,2002-08-17
2357791,9211,1,2003-10-07
1378111,9212,5,2005-07-12
2517152,9212,5,2005-03-06
1228922,9212,4,2005-09-20
961416,9212,4,2003-08-20
2450541,9212,5,2004-12-20
789493,9212,3,2005-07-20
499914,9212,5,2005-02-22
2620585,9212,3,2004-11-15
2207774,9212,4,2005-02-03
2625420,9212,2,2005-03-16
1650301,9212,2,2005-06-14
1380043,9212,5,2002-06-01
2340465,9212,3,2004-09-10
619705,9212,5,2005-07-28
2036527,9212,5,2005-04-01
1750553,9212,4,2005-05-29
304575,9212,5,2003-08-24
2260788,9212,1,2003-06-30
2358633,9212,5,2005-03-22
47411,9212,4,2005-06-07
140922,9212,1,2003-08-26
2372093,9212,4,2004-03-11
878145,9212,5,2004-09-22
1260386,9212,4,2002-12-01
384378,9212,4,2004-07-18
205729,9212,4,2003-06-17
1640558,9212,3,2004-02-08
1253465,9212,4,2005-04-05
200255,9212,4,2003-08-11
1224299,9212,3,2005-03-18
1202949,9212,4,2005-05-03
1684337,9212,5,2005-06-11
2119491,9212,5,2005-09-04
583999,9212,5,2005-09-25
2126162,9212,5,2004-11-30
86365,9212,5,2005-05-18
1120202,9212,5,2005-11-14
1181550,9212,4,2003-09-19
659831,9212,3,2003-08-13
427928,9212,3,2003-12-09
651657,9212,2,2004-12-14
512295,9212,4,2005-06-10
902532,9212,5,2005-06-28
1216648,9212,4,2005-09-07
1681133,9212,5,2005-12-19
431732,9212,2,2003-05-26
2158080,9212,5,2003-03-23
1771735,9212,4,2005-06-29
1033629,9212,3,2005-09-20
330551,9212,5,2004-09-21
1212397,9212,3,2004-12-03
1049979,9212,1,2005-01-23
962439,9212,5,2005-06-27
766064,9212,5,2005-06-28
2093058,9212,1,2004-01-24
207574,9212,1,2005-02-20
2172106,9212,5,2005-05-12
2286671,9212,4,2005-06-08
1391554,9212,3,2004-04-29
178352,9212,2,2004-10-16
1392484,9212,2,2004-11-12
1986895,9212,5,2005-07-06
537175,9212,5,2005-01-31
609070,9212,1,2003-07-30
1471876,9212,4,2003-12-19
1830763,9212,3,2004-08-10
1809284,9212,4,2004-10-23
1520166,9212,1,2004-11-29
1973956,9212,5,2005-04-26
2094556,9212,5,2005-05-23
1244392,9212,3,2005-10-21
359359,9212,2,2002-05-03
756163,9212,3,2004-04-09
2534322,9212,1,2004-11-18
1923334,9212,5,2005-09-01
1729930,9212,4,2005-09-18
1845337,9212,2,2005-11-13
2280656,9212,2,2004-10-22
2284938,9212,5,2004-12-30
2257811,9212,1,2005-01-11
177037,9212,4,2004-05-05
727483,9212,3,2005-09-07
1282549,9212,5,2005-02-21
2404756,9212,3,2005-03-21
1189488,9212,5,2005-06-07
448201,9212,5,2004-09-25
630226,9212,4,2005-03-14
2543455,9212,1,2004-08-13
716874,9212,4,2005-06-21
386158,9212,4,2005-11-24
293766,9212,5,2005-02-05
1347949,9212,5,2005-03-04
625403,9212,5,2005-05-03
2144973,9212,4,2005-06-07
1540794,9212,3,2005-06-16
1330878,9212,5,2005-06-21
2535229,9212,4,2005-09-26
1249798,9212,4,2005-12-02
1600039,9212,5,2004-09-06
514165,9212,1,2005-01-25
1918857,9212,4,2005-04-06
830282,9212,5,2005-04-26
790397,9212,1,2005-11-11
2184810,9212,4,2005-08-02
1200930,9212,5,2005-06-27
1473666,9212,4,2002-05-02
2006223,9212,4,2004-03-22
1683196,9212,5,2004-08-07
2296027,9212,4,2004-11-19
2118528,9212,4,2002-11-06
599334,9212,5,2005-01-04
289839,9212,4,2005-02-01
2143074,9212,4,2002-06-25
849001,9212,4,2003-07-24
1329408,9212,4,2005-07-06
1633347,9212,5,2005-02-26
1563429,9212,3,2005-05-04
729556,9212,3,2005-03-02
40842,9212,3,2002-11-27
1734371,9212,5,2005-07-29
1314869,9212,4,2005-02-06
1176462,9212,4,2005-06-12
1425332,9212,5,2005-06-20
1654733,9212,5,2005-10-23
1832256,9212,5,2005-11-03
1894023,9212,5,2004-08-07
1377848,9212,5,2005-07-13
473817,9212,5,2005-01-31
1137400,9212,5,2005-12-17
1200886,9212,4,2002-06-25
1234055,9212,4,2003-09-06
692876,9212,5,2005-07-05
1243451,9212,5,2005-01-28
2380716,9212,4,2005-05-10
611870,9212,4,2005-06-13
1408341,9212,5,2005-06-21
1112193,9212,5,2005-11-15
2026084,9212,2,2002-07-03
1897340,9212,5,2004-07-22
2618652,9212,3,2005-07-07
928664,9212,4,2005-03-01
1742749,9212,5,2004-07-30
1647226,9212,3,2005-07-21
436072,9212,5,2005-02-26
2593882,9212,1,2003-06-26
1210717,9212,1,2004-08-26
2062350,9212,5,2004-12-16
596474,9212,5,2005-07-21
397684,9212,5,2005-07-25
64830,9212,5,2005-04-02
1819462,9212,1,2005-04-28
2439493,9212,1,2005-02-02
2102534,9212,1,2005-04-02
484301,9212,5,2005-10-29
211381,9212,5,2004-11-27
854998,9212,4,2003-12-16
621815,9212,1,2005-07-26
2511101,9212,1,2003-02-21
1552265,9212,1,2004-03-13
299945,9212,5,2005-08-29
1467756,9212,4,2005-02-22
1946585,9212,5,2005-05-23
1134379,9212,4,2005-05-24
676684,9212,4,2005-06-02
1591085,9212,5,2005-10-10
270523,9212,3,2004-11-17
860349,9212,3,2005-10-18
157980,9212,5,2003-05-12
365596,9212,1,2003-10-19
2390099,9212,4,2005-01-11
1141718,9212,5,2005-09-18
428427,9212,3,2004-11-06
1539150,9212,5,2005-07-10
2482738,9212,1,2005-08-10
1235602,9212,5,2005-09-27
8336,9212,2,2003-05-29
1559911,9212,1,2002-10-25
1689598,9212,3,2004-01-19
123151,9212,5,2004-04-26
769512,9212,4,2004-11-01
678022,9212,5,2005-02-01
1078620,9212,5,2005-04-02
1059719,9212,4,2005-06-20
219174,9212,3,2003-10-17
2253553,9212,5,2004-12-26
2251225,9212,4,2005-05-02
2367510,9212,5,2005-09-10
63149,9212,5,2002-11-24
1556391,9212,5,2005-02-02
165247,9212,5,2005-04-08
714327,9212,5,2005-06-12
1140762,9212,5,2005-09-28
2398061,9212,5,2002-04-23
2169359,9212,3,2004-04-14
706638,9212,4,2005-07-26
2204483,9212,4,2005-05-03
1560283,9212,1,2005-05-31
1473980,9212,1,2005-09-08
1396806,9212,5,2004-10-20
448083,9212,4,2005-01-10
294638,9212,3,2005-04-06
633570,9212,2,2004-10-08
2323671,9212,4,2005-03-12
2381193,9212,5,2005-06-24
349928,9212,4,2002-06-07
410078,9212,3,2004-08-10
2605105,9212,3,2004-06-01
152807,9212,5,2005-03-09
1093198,9212,4,2005-04-05
594841,9212,5,2005-09-26
307180,9212,5,2005-11-28
202678,9212,1,2002-12-16
522846,9212,4,2005-07-22
1384992,9212,5,2005-10-10
2172885,9212,1,2005-11-12
217481,9212,1,2004-04-19
2147203,9212,3,2005-08-10
947031,9212,2,2005-08-18
1258763,9212,3,2005-08-19
403504,9212,5,2005-02-16
1438147,9212,5,2005-05-19
1595451,9212,5,2005-11-28
1234163,9212,3,2003-07-14
314635,9212,1,2003-07-28
2362208,9212,4,2004-08-10
1584290,9212,4,2005-07-27
2043339,9212,1,2005-02-08
1702841,9212,1,2005-06-10
1087416,9212,1,2005-06-25
130338,9212,5,2005-07-01
874505,9212,5,2005-09-26
2647713,9212,3,2004-01-25
2042140,9212,5,2004-11-21
1903324,9212,1,2004-12-07
2283873,9212,3,2005-01-13
116962,9212,5,2005-06-20
1390768,9212,1,2005-12-22
105509,9212,2,2003-10-02
814789,9212,4,2004-11-23
769702,9212,1,2005-02-26
1999176,9212,2,2005-06-19
2452478,9212,4,2003-07-29
1986034,9212,1,2003-06-30
412164,9212,5,2005-03-03
606249,9212,1,2003-11-17
1637126,9212,3,2004-08-20
1423977,9212,3,2004-11-06
1452494,9212,4,2005-06-02
2558262,9212,1,2005-06-21
1983202,9212,3,2002-09-17
1114349,9212,2,2003-01-22
1430258,9212,5,2004-05-16
1885242,9212,5,2004-04-24
538999,9212,5,2005-09-08
1809161,9212,4,2005-01-25
981366,9212,5,2005-04-29
927286,9212,3,2005-05-16
331269,9212,5,2005-05-25
1757328,9212,2,2005-09-30
274975,9212,5,2005-11-26
659061,9212,5,2003-09-15
1957360,9212,5,2005-07-24
1693002,9212,4,2005-06-24
2091526,9212,3,2003-11-12
2030226,9212,4,2004-06-20
1827729,9212,3,2003-07-11
268946,9212,3,2004-03-10
34166,9212,5,2005-07-18
835265,9212,2,2005-07-25
2398923,9212,1,2005-02-11
1385788,9212,1,2005-02-21
2432155,9212,5,2005-04-17
2011258,9212,5,2004-03-27
204177,9212,2,2003-07-20
2483851,9212,4,2004-08-21
1542686,9212,5,2004-10-01
1660196,9212,5,2005-01-06
404854,9212,1,2005-03-28
443572,9212,4,2005-04-14
28258,9212,5,2005-05-23
1995832,9212,4,2003-05-20
120762,9212,5,2004-09-12
580145,9212,3,2003-07-14
1905560,9212,3,2005-02-28
2368807,9212,5,2005-05-25
579917,9212,2,2003-07-05
1724818,9212,5,2004-05-25
1997148,9212,5,2005-12-08
775171,9212,1,2002-11-15
440964,9212,5,2005-07-24
1263008,9212,5,2005-05-16
1413633,9212,5,2005-06-08
1954678,9212,4,2005-10-23
1928961,9212,1,2003-08-11
741977,9212,3,2004-02-01
1015048,9212,5,2005-07-13
2505164,9212,5,2005-08-22
1860768,9212,5,2005-01-30
2588759,9212,5,2005-04-07
958657,9212,5,2005-09-23
1753736,9212,5,2005-10-02
1067376,9212,4,2005-07-06
1740987,9212,5,2005-07-11
1752657,9212,2,2005-02-03
2453959,9212,5,2005-07-11
1640354,9212,4,2005-07-12
41893,9212,5,2005-07-28
2436585,9212,1,2003-10-12
801884,9212,4,2004-05-19
1943141,9212,5,2004-11-30
81700,9212,1,2005-06-28
2610745,9212,5,2005-09-23
74175,9212,5,2005-08-27
529545,9212,5,2005-03-31
588285,9212,5,2005-12-11
655818,9212,5,2003-07-26
1421916,9212,4,2004-10-20
2209307,9212,5,2005-09-13
1573738,9212,5,2005-09-22
2359767,9212,5,2004-06-29
129975,9212,4,2005-07-14
2552319,9212,2,2005-04-03
540307,9212,5,2005-06-18
1812408,9212,5,2005-09-25
2332659,9212,5,2005-10-18
2083367,9212,3,2002-09-26
1572525,9212,1,2004-02-14
33074,9212,4,2004-07-16
2212128,9212,5,2005-07-07
1447381,9212,4,2002-10-15
964881,9212,3,2003-11-11
1302673,9212,3,2005-04-07
477988,9212,5,2005-04-26
1960595,9212,3,2005-07-18
400674,9212,4,2005-02-17
1418443,9212,5,2005-04-28
477923,9212,3,2005-09-02
2640853,9212,5,2005-10-18
1094381,9212,5,2005-12-04
1998723,9212,5,2001-03-01
1531183,9212,1,2002-01-23
346036,9212,2,2005-07-25
1643021,9212,3,2005-02-08
818416,9212,1,2005-06-16
506953,9212,1,2004-10-20
2597667,9212,5,2004-12-02
1101797,9212,5,2005-08-06
1758606,9212,5,2005-09-05
835473,9212,5,2005-02-17
1497593,9212,5,2005-05-12
1664010,9212,5,2005-11-12
2632722,9212,5,2005-09-10
2126441,9212,4,2005-10-24
2227665,9212,5,2004-08-06
614402,9212,4,2004-07-30
1804473,9212,5,2005-09-09
784914,9212,3,2005-02-03
1317690,9212,1,2005-02-06
908882,9212,5,2005-03-02
1403167,9212,5,2005-09-30
1665204,9212,5,2004-03-30
1642678,9212,4,2005-07-09
1683604,9212,5,2005-03-08
507094,9212,4,2005-03-29
1905364,9212,4,2004-10-13
2124728,9212,5,2004-12-27
2635011,9212,4,2005-05-21
1798940,9212,3,2003-10-27
806605,9212,1,2004-08-15
2111332,9212,1,2004-10-30
688997,9212,2,2004-11-11
2211241,9212,3,2005-08-07
382989,9212,5,2005-02-17
1476270,9212,3,2005-06-23
862596,9212,1,2005-09-16
2414326,9212,1,2004-10-13
1035723,9212,5,2005-07-06
2488021,9212,5,2005-05-15
630964,9212,2,2003-11-21
1628597,9212,5,2004-10-23
307612,9212,5,2005-07-05
2429098,9212,4,2005-01-21
1996307,9212,2,2005-06-12
1075147,9212,2,2004-02-20
1197905,9212,5,2004-03-25
590547,9212,4,2004-11-17
2409499,9212,5,2005-07-08
1968862,9212,3,2005-07-27
2519958,9212,1,2005-05-23
2175395,9212,5,2005-07-01
2479857,9212,3,2002-05-08
1284686,9212,4,2004-01-26
1677818,9212,5,2003-02-21
14164,9212,5,2004-08-18
1435891,9212,1,2004-09-04
2467784,9212,5,2004-04-07
1552059,9212,4,2005-07-07
648585,9212,2,2005-01-11
1921661,9212,4,2005-02-21
970269,9212,5,2005-02-23
2509048,9212,4,2005-04-10
2051139,9212,3,2003-09-18
160449,9212,4,2005-02-12
1474258,9212,5,2005-04-27
2438256,9212,5,2005-09-25
2430907,9212,1,2003-06-13
505171,9212,1,2003-06-30
691722,9212,5,2004-04-18
1854658,9212,5,2005-08-31
2366024,9212,4,2005-03-17
66417,9212,5,2005-06-18
2216966,9212,1,2005-12-10
1678750,9212,5,2005-08-09
1319554,9212,5,2005-09-04
2137979,9212,3,2005-05-16
2395915,9212,5,2005-08-05
1650584,9212,5,2005-06-27
332627,9212,3,2005-09-15
1298511,9212,1,2003-07-04
533713,9212,4,2005-09-02
1896666,9212,4,2005-04-09
1629440,9212,5,2005-06-28
744458,9212,5,2004-04-24
711215,9212,4,2005-08-10
757582,9212,2,2005-02-06
2006011,9212,5,2005-02-08
60343,9212,5,2005-05-08
722222,9212,5,2005-03-15
532323,9212,5,2005-05-05
1776917,9212,4,2005-11-02
860716,9212,4,2005-11-14
1935793,9212,1,2005-04-11
2517727,9212,5,2005-06-30
1095761,9212,5,2005-10-21
1110254,9212,5,2005-11-01
21377,9212,5,2005-11-01
1773601,9212,4,2003-07-14
1764017,9212,5,2005-07-14
354296,9212,5,2005-08-12
262611,9212,5,2005-06-30
2487779,9212,5,2005-02-20
1399457,9212,4,2005-03-11
299601,9212,3,2004-09-26
1029847,9212,3,2004-11-05
1144332,9212,5,2004-11-30
2462852,9212,3,2005-07-26
545664,9212,4,2005-08-16
2055928,9212,5,2005-07-25
78595,9212,5,2005-11-13
1608091,9212,4,2005-12-09
104462,9212,1,2003-08-23
1882078,9212,3,2003-05-07
472334,9212,4,2004-06-23
384107,9212,5,2005-08-22
2356782,9212,3,2005-02-17
2586121,9212,1,2005-05-07
1361279,9212,5,2002-09-17
1491102,9212,4,2004-11-23
1276071,9212,5,2005-03-23
1860383,9212,3,2005-09-12
236043,9212,3,2005-02-23
2194471,9212,5,2005-06-11
1709867,9212,3,2003-10-23
1730533,9212,4,2004-05-07
1232892,9212,1,2005-06-24
196062,9212,5,2005-06-24
1179373,9212,5,2004-09-30
2534061,9212,1,2003-02-24
1857889,9212,1,2004-02-18
1666213,9212,1,2004-12-02
491531,9212,1,2005-07-24
989264,9212,3,2005-03-13
1193715,9212,5,2005-03-21
2528497,9212,5,2005-08-29
1242854,9212,1,2005-06-18
182134,9212,4,2005-07-02
1446054,9212,5,2005-11-11
2367141,9212,3,2005-02-11
1858927,9212,4,2005-04-15
455984,9212,5,2005-06-24
454204,9212,4,2004-09-04
90682,9212,5,2005-07-15
1181795,9212,4,2005-09-08
2606799,9212,4,2005-01-31
1438031,9212,2,2005-03-19
2248476,9212,5,2005-06-08
1536218,9212,2,2003-03-25
106870,9212,2,2004-05-16
1787038,9212,5,2005-02-12
539278,9212,5,2005-05-29
2468178,9212,5,2005-09-09
1514430,9212,3,2002-01-22
1123387,9212,3,2002-06-08
1204448,9212,4,2005-06-07
1488844,1,3,2005-09-06
822109,1,5,2005-05-13
885013,1,4,2005-10-19
30878,1,4,2005-12-26
823519,1,3,2004-05-03
893988,1,3,2005-11-17
124105,1,4,2004-08-05
1248029,1,3,2004-04-22
1842128,1,4,2004-05-09
2238063,1,3,2005-05-11
1503895,1,4,2005-05-19
2207774,1,5,2005-06-06
2590061,1,3,2004-08-12
2442,1,3,2004-04-14
543865,1,4,2004-05-28
1209119,1,4,2004-03-23
804919,1,4,2004-06-10
1086807,1,3,2004-12-28
1711859,1,4,2005-05-08
372233,1,5,2005-11-23
1080361,1,3,2005-03-28
1245640,1,3,2005-12-19
558634,1,4,2004-12-14
2165002,1,4,2004-04-06
1181550,1,3,2004-02-01
1227322,1,4,2004-02-06
427928,1,4,2004-02-26
814701,1,5,2005-09-29
808731,1,4,2005-10-31
662870,1,5,2005-08-24
337541,1,5,2005-03-23
786312,1,3,2004-11-16
1133214,1,4,2004-03-07
1537427,1,4,2004-03-29
1209954,1,5,2005-05-09
2381599,1,3,2005-09-12
525356,1,2,2004-07-11
1910569,1,4,2004-04-12
2263586,1,4,2004-08-20
2421815,1,2,2004-02-26
1009622,1,1,2005-01-19
1481961,1,2,2005-05-24
401047,1,4,2005-06-03
2179073,1,3,2004-08-29
1434636,1,3,2004-05-01
93986,1,5,2005-10-06
1308744,1,5,2005-10-29
2647871,1,4,2005-12-30
1905581,1,5,2005-08-16
2508819,1,3,2004-05-18
1578279,1,1,2005-05-19
1159695,1,4,2005-02-15
2588432,1,3,2005-03-31
2423091,1,3,2005-09-12
470232,1,4,2004-04-08
2148699,1,2,2004-06-05
1342007,1,3,2004-07-16
466135,1,4,2004-07-13
2472440,1,3,2005-08-13
1283744,1,3,2004-04-17
1927580,1,4,2004-11-08
716874,1,5,2005-05-06
4326,1,4,2005-10-29
1546549,1,5,2004-07-20
1493697,1,1,2005-11-01
880166,1,5,2005-07-12
535396,1,2,2005-02-03
494609,1,4,2004-12-08
1961619,1,5,2005-06-01
883478,1,4,2005-12-16
793564,1,4,2004-04-19
1567202,1,2,2004-03-01
573537,1,4,2005-02-03
1972040,1,4,2005-06-02
1838912,1,3,2005-11-08
411705,1,4,2004-05-11
2244518,1,5,2004-09-15
584542,1,5,2005-02-01
667730,1,5,2005-05-26
2488120,1,5,2005-09-20
1926776,1,1,2005-10-05
38052,1,3,2004-06-03
1196100,1,4,2004-10-30
314933,1,3,2005-09-12
1792741,1,2,2004-02-09
769643,1,1,2004-11-18
2477242,1,5,2005-01-30
1421006,1,3,2005-08-03
729846,1,4,2005-08-09
1719610,1,2,2005-08-19
1696031,1,4,2005-01-25
1817215,1,4,2005-09-01
406057,1,4,2004-09-27
636262,1,1,2005-09-26
1245406,1,4,2004-12-30
1834590,1,3,2005-02-05
593225,1,3,2004-07-11
1011918,1,4,2005-05-28
1665054,1,4,2005-07-06
2630337,1,5,2005-03-10
1155747,1,3,2005-07-03
2439493,1,1,2004-02-06
479924,1,5,2005-08-02
530789,1,5,2005-03-29
765860,1,4,2005-06-13
231001,1,3,2005-01-03
1493615,1,5,2005-05-23
1850615,1,2,2005-07-12
68959,1,3,2005-08-11
147386,1,5,2004-09-19
624035,1,5,2004-02-19
782308,1,5,2004-07-02
1116080,1,5,2005-08-08
421374,1,5,2004-11-17
1158759,1,4,2004-06-13
1025798,1,3,2005-09-02
1215397,1,5,2005-07-19
2475251,1,4,2005-08-25
321111,1,2,2005-05-02
2162676,1,3,2005-08-01
2635437,1,4,2004-12-19
2389367,1,1,2004-07-01
485622,1,5,2005-08-01
235553,1,4,2004-07-15
831869,1,4,2005-06-02
99400,1,5,2005-09-16
684876,1,4,2005-11-01
1871179,1,3,2004-12-08
1107678,1,5,2005-03-15
642036,1,3,2005-09-21
700890,1,5,2004-05-06
2289956,1,5,2004-04-29
2040859,1,1,2004-11-23
1524964,1,3,2005-04-19
121318,1,4,2005-06-06
317050,1,5,2005-11-15
2287003,1,5,2004-12-20
59052,1,2,2004-07-12
893742,1,4,2005-04-27
1346257,1,3,2005-08-23
55016,1,3,2004-05-12
30245,1,5,2004-10-19
743633,1,4,2005-08-09
1596531,1,5,2004-01-23
1125499,1,5,2005-01-31
706832,1,4,2005-05-06
2465337,1,3,2005-04-04
2291422,1,1,2005-08-28
1777406,1,3,2005-01-02
1904905,1,4,2005-05-13
2450433,1,3,2005-01-08
1348967,1,2,2004-06-21
638020,1,3,2005-08-10
2217779,1,4,2005-02-14
194280,1,1,2004-12-14
493009,1,4,2005-03-27
1567167,1,4,2005-09-11
850327,1,5,2005-09-18
520386,1,3,2005-10-25
320540,1,2,2005-07-26
1188228,1,2,2004-12-05
57961,1,4,2004-11-09
1113230,1,3,2005-05-04
1374216,1,2,2005-09-23
595778,1,3,2004-03-03
209573,1,4,2005-10-31
2354601,1,5,2005-12-10
2563596,1,4,2004-04-04
835265,1,4,2005-09-01
1819474,1,3,2004-04-03
1447104,1,3,2004-08-28
1100940,1,1,2005-10-24
143274,1,3,2005-08-31
2329565,1,4,2005-01-19
181592,1,4,2005-03-26
936396,1,2,2004-02-09
1125797,1,3,2004-07-05
2283366,1,3,2004-12-27
514495,1,4,2005-04-13
1772176,1,3,2005-09-27
1877347,1,4,2005-07-13
1287892,1,4,2005-05-17
255443,1,2,2005-05-23
890669,1,4,2005-11-02
1989766,1,4,2005-07-08
2315073,1,4,2004-03-24
14756,1,4,2005-12-27
907623,1,3,2004-05-11
991423,1,4,2004-10-24
1604238,1,4,2005-06-02
1027056,1,3,2005-12-03
2025883,1,5,2005-03-24
732936,1,5,2005-04-24
563962,1,5,2005-11-09
799442,1,4,2005-11-21
352635,1,5,2004-05-11
2537543,1,5,2005-10-26
1564395,1,4,2005-07-09
1655178,1,4,2004-08-26
573434,1,4,2004-05-26
1141189,1,4,2004-12-15
383247,1,5,2005-02-03
1763921,1,5,2004-05-10
1943970,1,5,2004-09-20
322009,1,3,2004-05-20
2333817,1,3,2004-10-22
2095681,1,2,2005-10-29
1149588,1,4,2005-12-13
2354740,1,5,2005-05-05
2421360,1,5,2005-10-19
496087,1,2,2004-04-25
2191781,1,1,2005-04-03
1694083,1,4,2005-10-03
818416,1,3,2005-07-27
701960,1,5,2005-04-29
2090477,1,4,2005-06-28
1664010,1,5,2005-10-12
2583822,1,5,2005-08-17
369646,1,5,2005-04-30
2234063,1,4,2005-05-11
259799,1,4,2005-06-23
1077982,1,4,2004-03-16
2631796,1,4,2005-09-27
1122383,1,3,2004-10-22
1508526,1,3,2004-07-25
1600207,1,5,2004-04-17
1283117,1,5,2005-03-18
1727869,1,5,2005-07-11
1522799,1,4,2004-10-19
1394012,1,5,2005-12-19
1558286,1,3,2005-03-15
1155602,1,3,2005-07-05
361066,1,3,2004-09-24
1743210,1,5,2005-09-22
1148389,1,4,2004-04-03
2268101,1,4,2005-10-28
519684,1,5,2005-07-25
767518,1,5,2005-08-02
122197,1,1,2005-03-09
2112162,1,4,2005-10-14
1073367,1,3,2005-07-25
400162,1,5,2004-11-08
1524343,1,5,2005-03-24
741245,1,4,2005-06-28
2563768,1,3,2005-07-04
1406595,1,4,2005-08-27
1137010,1,4,2004-10-05
60343,1,5,2005-05-08
225765,1,4,2004-05-10
2530404,1,3,2004-05-01
437881,1,3,2004-11-17
1935793,1,1,2005-04-18
134001,1,4,2005-05-06
2607300,1,3,2005-07-25
1008986,1,4,2004-10-25
94565,1,4,2004-12-15
828410,1,4,2005-01-03
1805202,1,4,2005-10-03
1922925,1,4,2004-04-03
1435717,1,5,2005-08-11
2277395,1,4,2004-03-09
2305014,1,5,2004-08-31
166041,1,4,2005-09-02
2413320,1,4,2004-02-06
87113,1,2,2005-09-21
722591,1,5,2004-03-08
2291306,1,1,2004-03-01
2010770,1,4,2004-12-30
255383,1,5,2005-04-10
1873429,1,4,2005-10-27
1647618,1,4,2005-08-27
608234,1,5,2005-02-25
42930,1,3,2005-05-14
1462072,1,5,2005-06-22
685565,1,5,2005-09-26
3321,1,3,2005-09-27
2554942,1,4,2005-10-03
1874547,1,4,2004-08-11
2269844,1,5,2005-11-02
34907,1,3,2005-08-17
1779903,1,4,2005-06-04
2576424,1,4,2005-08-10
230112,1,3,2004-08-26
508727,1,3,2004-07-11
1603525,1,3,2004-10-13
172264,1,4,2005-09-17
1182185,1,4,2005-10-06
2275470,1,2,2005-10-05
491531,1,5,2005-02-17
1346432,1,4,2005-11-15
1554712,1,5,2004-10-27
1450941,1,5,2005-09-13
1714116,1,3,2005-08-09
2016488,1,4,2004-11-22
1782762,1,4,2005-01-19
1343170,1,5,2005-02-26
2565752,1,4,2004-12-10
435841,1,3,2005-09-19
2242821,1,5,2005-08-29
638824,1,5,2004-05-19
2256485,1,1,2004-08-19
101597,1,5,2004-10-01
623036,1,5,2005-05-16
1559445,1,5,2005-06-08
1723381,1,5,2005-08-30
1824586,1,4,2005-03-03
2233105,1,4,2005-09-08
682963,1,3,2005-06-21
2529547,1,5,2005-11-18
504620,1,2,2005-08-12
1682104,1,4,2005-08-30
16272,1,4,2005-01-20
2491785,1,5,2005-05-09
978412,1,5,2005-07-02
2054145,1,3,2005-07-28
2444240,1,3,2005-08-14
547732,1,3,2005-06-11
811790,1,5,2005-09-02
31913,1,4,2004-10-15
437111,1,4,2005-06-27
640588,1,4,2004-09-06
2625019,1,3,2005-09-12
2605190,1,5,2005-11-05
915,1,5,2005-08-17
1430587,1,4,2005-05-18
2544219,1,5,2005-11-20
2603381,1,5,2005-11-29
305344,1,1,2004-02-08
2569099,1,1,2005-08-16
2430356,1,4,2004-07-15
885165,1,4,2005-06-02
2380806,1,5,2005-09-06
1512406,1,1,2005-10-03
1774623,1,4,2005-11-23
2226525,1,4,2005-02-08
2537076,1,4,2005-10-17
2060858,1,4,2005-05-09
498469,1,5,2005-03-22
68033,1,4,2005-10-04
1819146,1,5,2005-08-15
2088415,1,4,2005-02-01
473070,1,5,2005-04-06
1823641,1,5,2004-03-29
1839976,1,2,2004-03-31
14924,1,5,2005-10-04
1852606,1,4,2004-07-23
453694,1,5,2004-07-21
921487,1,2,2004-07-19
1022254,1,5,2004-09-15
2464081,1,4,2005-01-22
1228324,1,4,2005-11-12
1563530,1,4,2004-08-18
1181170,1,3,2004-09-08
1357013,1,3,2004-10-02
21722,1,4,2005-02-07
288420,1,5,2005-06-02
1739170,1,5,2005-09-19
2584676,1,3,2005-08-06
2013504,1,4,2005-08-10
1245176,1,4,2004-07-27
269524,1,3,2005-03-05
661344,1,3,2005-03-16
652324,1,3,2004-04-15
2239213,1,3,2005-08-24
863302,1,4,2004-08-19
758850,1,4,2004-09-21
1884755,1,2,2004-11-15
544833,1,3,2005-09-27
1562707,1,1,2005-07-25
810700,1,5,2004-08-31
837756,1,5,2004-10-26
155164,1,4,2004-10-29
493945,1,5,2005-04-12
1565175,1,5,2004-08-10
2005193,1,4,2005-11-17
1605780,1,4,2004-09-17
1294335,1,2,2004-09-22
608576,1,4,2005-03-19
659505,1,4,2005-05-16
1604707,1,4,2005-10-17
2630797,1,5,2005-12-09
402266,1,5,2004-10-16
752642,1,3,2004-02-24
1906145,1,4,2005-07-19
389872,1,2,2005-08-09
1462866,1,2,2004-10-09
1952116,1,4,2005-04-28
54774,1,4,2005-05-25
1776980,1,5,2005-10-13
1494196,1,5,2004-02-29
253794,1,5,2004-08-10
1569513,1,3,2004-02-26
596728,1,2,2004-04-26
1107588,1,1,2004-02-22
1133763,1,3,2005-05-15
1398076,1,4,2004-07-02
1178171,1,4,2004-07-01
984369,1,3,2005-08-25
2618594,1,4,2004-07-27
1653834,1,4,2004-08-22
2322840,1,3,2005-07-12
2207647,1,4,2004-08-12
1994111,1,4,2005-01-11
1824044,1,4,2004-04-29
2255037,1,3,2004-06-01
2056022,1,3,2004-11-22
1458179,1,4,2005-01-26
1508350,1,4,2005-06-27
1168571,1,5,2005-09-14
766489,1,3,2005-10-01
1424199,1,5,2005-08-08
2054180,1,3,2004-07-09
448902,1,5,2005-07-20
1547173,1,3,2005-11-18
1751103,1,4,2004-08-05
121073,1,5,2004-12-16
2609436,1,4,2004-11-09
1398626,1,2,2004-12-03
1311231,1,3,2004-03-30
2279000,1,3,2005-02-18
236921,1,5,2005-03-19
2566259,1,5,2005-04-06
758937,1,4,2005-10-24
2260684,1,4,2004-11-08
1190829,1,4,2004-02-10
136106,1,3,2005-08-08
344753,1,3,2004-07-21
568930,1,5,2005-05-02
206115,1,4,2005-08-23
2390644,1,3,2004-09-06
2078679,1,5,2005-01-07
1682651,1,4,2005-05-02
386915,1,4,2005-05-27
972136,1,3,2005-06-20
1806515,1,3,2005-09-29
11589,1,3,2005-10-19
2118461,1,5,2005-10-24
444411,1,3,2004-09-05
691108,1,4,2005-02-27
332401,1,3,2005-04-28
1278488,1,4,2005-04-27
358776,1,4,2005-11-21
387418,1,1,2004-02-08
872408,1,4,2005-08-26
646098,1,4,2004-07-19
396595,1,5,2005-02-13
1366860,1,4,2004-01-26
1046882,1,3,2004-08-12
470861,1,5,2004-06-28
1455257,1,4,2004-09-17
1274780,1,3,2004-10-11
379184,1,4,2005-02-11
1273630,1,4,2005-09-08
492291,1,3,2005-06-06
145873,1,3,2004-02-25
1388284,1,5,2004-12-21
712610,1,4,2005-04-27
1116065,1,1,2005-05-03
660499,1,1,2005-07-08
1918987,1,4,2005-07-10
1357894,1,3,2004-09-09
190418,1,3,2004-09-30
1060658,1,3,2005-03-23
1443203,1,4,2005-05-22
1772839,1,5,2005-09-19
2385774,1,3,2004-04-07
1059319,1,3,2005-10-10
831775,1,4,2005-10-15
881346,1,5,2005-11-07
1066317,1,4,2004-05-07
13651,1,3,2004-06-16
208920,1,4,2005-01-23
308753,1,5,2005-10-31
2564257,1,3,2005-11-27
565041,1,4,2004-08-23
1602153,1,4,2005-06-13
173930,1,4,2005-06-30
202811,1,3,2005-07-18
353369,1,3,2005-08-01
1201176,1,4,2005-05-02
2047577,1,3,2005-05-27
685113,1,4,2005-10-24
1686060,1,5,2004-03-21
151004,1,5,2004-07-09
2126192,1,3,2004-04-16
1981464,1,4,2005-08-16
1862581,1,4,2004-06-08
1255780,1,5,2005-03-28
1962300,1,3,2005-06-22
1515355,1,3,2004-05-12
1001779,1,4,2005-09-09
2093105,1,3,2004-06-17
1123959,1,3,2005-01-05
1876297,1,5,2005-05-19
1364481,1,4,2004-05-29
998236,1,5,2004-06-23
328415,1,3,2004-11-01
1347129,1,4,2005-01-24
1117062,1,4,2005-07-07
1033930,1,3,2005-08-11
45117,1,5,2005-08-15
1005769,1,5,2004-09-28
712609,1,4,2005-03-20
740495,1,4,2005-02-05
2497991,1,4,2005-07-07
1017324,1,4,2005-04-05
120491,1,5,2004-09-13
1645794,1,4,2005-04-05
1658790,1,3,2005-06-23
2451020,1,4,2004-09-14
1878798,1,4,2005-01-11
1790903,1,4,2005-04-23
1254683,1,1,2004-02-13
874943,1,5,2005-03-22
121456,1,4,2005-04-19
1140108,1,4,2005-09-20
515436,1,1,2005-02-13
272689,1,5,2005-03-03
1247177,1,3,2005-12-04
263240,1,3,2004-07-07
2539549,1,3,2005-02-23
2565654,1,5,2004-11-15
334701,1,3,2005-02-07
42921,1,3,2005-10-04
2011399,1,5,2005-08-08
433945,1,5,2004-11-06
2151149,1,4,2005-01-13
1415954,1,2,2005-02-14
1086360,1,3,2005-03-10
2419258,1,4,2005-08-12
2380848,1,5,2005-01-11
1550216,1,1,2005-02-07
596533,1,5,2005-03-20
287901,1,5,2005-05-30
188613,1,4,2005-09-15
1654508,1,3,2005-04-25
1313126,1,5,2005-04-27
51334,1,4,2005-05-18
2374451,1,4,2005-06-05
2031093,1,4,2005-06-30
548064,1,5,2005-12-02
946102,1,5,2005-02-02
1790158,1,4,2005-05-17
1403184,1,3,2005-11-12
1535440,1,4,2005-08-18
1426604,1,4,2005-09-01
1815755,1,5,2004-07-20
2059652,2,4,2005-09-05
1666394,2,3,2005-04-19
1759415,2,4,2005-04-22
1959936,2,5,2005-11-21
998862,2,4,2004-11-13
2625420,2,2,2004-12-06
573975,2,3,2005-07-21
392722,2,4,2004-12-10
1401650,2,4,2005-02-24
988104,2,3,2005-05-23
977632,2,4,2004-11-12
2557870,2,4,2005-03-27
1793899,2,5,2005-06-04
1340535,2,5,2004-12-12
1888322,2,5,2005-01-20
1283598,2,3,2004-11-30
1784150,2,4,2005-06-17
2271251,2,5,2005-08-19
65932,2,3,2005-07-19
1828884,2,5,2004-12-21
1878728,2,4,2005-12-01
1922778,2,3,2005-02-07
1176404,2,4,2005-02-23
2265116,2,3,2005-09-06
1078701,2,4,2005-10-12
1832577,2,4,2005-09-07
748922,2,5,2005-07-05
1013802,2,1,2005-05-30
1131325,2,2,2005-11-14
2244378,2,4,2005-02-09
494639,2,2,2005-09-26
636262,2,1,2005-08-23
1903158,2,4,2005-03-04
220427,2,4,2005-05-05
2439493,2,1,2005-02-10
2225116,2,4,2005-08-29
1445632,2,5,2005-01-30
2592823,2,4,2005-02-06
1288603,2,5,2005-06-20
2556926,2,3,2005-07-09
1190070,2,4,2005-11-05
1312846,2,3,2005-08-26
2226229,2,3,2005-04-24
1563935,2,1,2005-08-12
69809,2,5,2005-04-08
1349753,2,3,2005-03-23
785768,2,3,2005-04-19
426476,2,5,2005-05-10
810636,2,4,2005-04-25
468713,2,5,2005-07-18
222290,2,4,2005-03-14
349407,2,5,2005-01-02
311232,2,2,2005-06-28
2596999,2,4,2005-10-07
1025601,2,5,2005-11-09
1743759,2,4,2005-01-30
2385553,2,5,2005-05-24
1374216,2,1,2005-09-25
526466,2,4,2005-03-05
2648861,2,3,2005-05-25
1210631,2,3,2005-03-24
2314531,2,4,2005-07-15
618272,2,1,2005-08-14
2532807,2,3,2005-01-28
412535,2,4,2005-05-23
1315005,2,4,2005-06-28
1358911,2,5,2005-12-13
507603,2,1,2005-07-23
1507649,2,5,2005-02-17
845529,2,5,2005-04-26
1479907,2,5,2005-02-28
236271,2,2,2005-06-21
2422676,2,3,2005-04-07
1636093,2,5,2005-10-20
995594,2,5,2005-01-19
1664010,2,4,2005-10-13
2431481,2,3,2004-11-18
1980668,2,5,2004-12-16
402321,2,4,2005-04-18
1344564,2,3,2005-01-25
1632603,2,3,2005-09-09
2567280,2,3,2005-03-17
1623166,2,3,2005-02-10
521932,2,4,2005-01-11
105086,2,5,2005-09-20
2072554,2,5,2005-05-05
2231529,2,3,2005-08-25
2103439,2,2,2005-06-05
261764,2,1,2005-11-10
193476,2,5,2005-03-23
1576540,2,4,2005-04-14
1783594,2,5,2005-03-07
503334,2,4,2005-11-25
183903,2,5,2005-01-30
2606799,2,1,2005-05-16
1236127,2,4,2005-06-07
2375962,2,3,2005-07-04
2212071,2,3,2005-09-17
1252841,2,3,2005-02-06
247898,2,5,2005-07-15
970975,2,3,2005-09-02
305344,2,1,2004-10-16
1581186,2,4,2005-02-27
1129620,2,3,2005-09-03
584750,2,3,2005-11-27
11409,2,5,2005-01-13
1875495,2,2,2005-01-12
1403217,2,2,2005-08-17
2147527,2,1,2005-11-18
2418486,2,4,2005-11-08
1476323,2,5,2004-11-22
2345723,2,4,2004-12-26
2640085,2,5,2005-04-26
1803154,2,2,2004-12-14
1251170,2,2,2005-02-11
527491,2,4,2005-07-30
391517,2,4,2005-05-16
1398626,2,3,2005-11-26
828919,2,5,2004-12-18
196494,2,5,2005-10-03
715897,2,5,2005-10-18
268917,2,2,2005-06-03
41422,2,4,2005-09-11
1806515,2,3,2005-09-23
2118461,2,4,2005-12-20
387418,2,1,2004-11-19
2019055,2,5,2005-05-12
348960,2,1,2005-09-07
1167731,2,4,2005-06-07
2468831,2,5,2005-07-05
219925,2,4,2005-04-18
1025193,2,5,2005-07-07
630887,2,5,2005-01-20
1461435,2,1,2005-03-21
1838586,2,1,2005-08-17
1515430,2,3,2005-01-27
1807053,2,5,2005-04-25
1172326,2,5,2005-06-18
1785842,2,3,2005-06-01
803752,2,3,2004-11-17
1581265,2,3,2005-04-15
515436,2,1,2005-02-13
1824543,2,4,2005-04-20
1283204,2,3,2004-12-23
1272122,2,5,2005-07-25
1025579,3,4,2003-03-29
712664,3,5,2004-02-01
1331154,3,4,2004-07-03
2632461,3,3,2005-07-22
44937,3,5,2004-06-22
656399,3,4,2003-09-20
439011,3,1,2004-01-22
1436762,3,3,2003-03-17
1644750,3,3,2003-03-19
2031561,3,4,2004-03-31
616720,3,4,2003-08-10
2467008,3,4,2004-03-15
975874,3,5,2004-02-09
701730,3,2,2005-10-05
1614320,3,4,2003-08-11
115498,3,3,2003-07-16
931626,3,2,2004-07-08
699878,3,4,2003-05-02
1694958,3,3,2005-08-10
66414,3,5,2004-02-21
2519847,3,5,2003-03-10
948069,3,3,2003-05-09
67315,3,4,2003-08-25
704249,3,4,2004-08-16
454417,3,4,2004-04-18
1995318,3,3,2004-07-14
2158448,3,5,2005-05-31
574843,3,5,2005-06-13
714960,3,4,2005-06-21
620771,3,2,2005-09-26
253876,3,4,2005-11-01
1632700,3,4,2005-11-14
603277,3,3,2003-06-21
79160,3,4,2005-07-11
1859725,3,4,2003-05-30
283774,3,5,2003-08-23
1983667,3,2,2003-08-08
2267507,3,4,2004-05-25
1813349,3,4,2003-03-18
2424721,3,3,2005-09-04
1275804,3,4,2003-08-27
1204327,3,4,2004-03-16
2143489,3,1,2004-08-23
672980,3,5,2004-11-18
166100,3,4,2004-12-17
2537764,3,5,2005-01-06
1650301,3,2,2005-06-17
553931,3,4,2005-10-04
214166,3,3,2005-10-09
6689,3,4,2003-02-20
109089,3,5,2003-05-27
1854303,3,1,2004-05-29
525003,3,5,2003-04-30
2312349,3,4,2003-05-13
188416,3,3,2004-01-27
2213550,3,4,2004-07-01
24344,3,4,2004-08-20
2344483,3,4,2004-09-28
531155,3,4,2005-02-28
1959707,3,3,2005-03-19
2120279,3,5,2005-05-15
1977959,3,4,2003-02-12
21983,3,4,2003-04-19
2173816,3,1,2003-07-17
78931,3,5,2003-07-09
2145227,3,4,2003-04-07
2463079,3,3,2003-08-26
1286051,3,3,2004-01-28
958104,3,4,2003-09-03
489962,3,3,2003-09-03
2297863,3,4,2004-01-13
958382,3,4,2004-08-22
248932,3,4,2005-04-03
1756658,3,3,2005-06-16
2579794,3,4,2005-10-26
1628475,3,4,2005-11-14
206809,3,5,2003-03-05
1333,3,4,2004-05-18
445828,3,2,2003-10-28
2079559,3,5,2004-08-28
1007809,3,4,2003-12-16
1562675,3,1,2003-03-06
1477923,3,4,2003-03-25
44783,3,3,2003-11-22
52540,3,1,2003-03-22
2436327,3,2,2004-07-13
1830211,3,4,2004-10-06
1857979,3,2,2005-03-08
1198785,3,2,2005-06-30
870391,3,2,2003-05-19
2164676,3,4,2003-03-03
1281996,3,4,2003-07-23
1853885,3,4,2004-06-18
2646060,3,3,2003-09-24
709342,3,4,2003-09-10
1195585,3,5,2003-08-04
1319527,3,5,2005-01-05
1478381,3,4,2005-05-26
1658752,3,3,2003-03-09
41371,3,5,2004-01-21
1479793,3,3,2004-01-18
1406148,3,3,2004-09-17
2446687,3,5,2004-12-14
968796,3,3,2005-02-06
2266857,3,3,2003-06-13
1456369,3,4,2003-07-08
1078792,3,4,2005-09-09
104768,3,5,2003-11-25
372528,3,3,2004-06-30
2240742,3,5,2004-11-05
1401399,3,4,2005-04-03
402377,3,4,2005-04-10
51230,3,4,2005-05-22
2229289,3,4,2005-12-30
2554745,3,4,2004-04-08
1710932,3,3,2004-08-16
1355097,3,4,2003-03-26
1231910,3,3,2003-12-23
2599552,3,4,2003-04-14
1394444,3,5,2005-02-17
1094443,3,2,2003-09-04
77266,3,2,2003-03-06
153249,3,4,2003-06-24
2590630,3,3,2003-10-10
2596383,3,3,2005-11-03
2601294,3,4,2004-02-10
2623268,3,4,2004-12-14
1756597,3,5,2005-04-11
1673185,3,3,2005-04-14
2611525,3,3,2004-02-05
2013198,3,4,2003-03-10
1704175,3,4,2004-04-29
2186436,3,2,2004-04-21
2252223,3,5,2004-06-24
780282,3,4,2004-06-06
203667,3,5,2003-03-25
2338873,3,5,2003-03-18
479779,3,4,2004-01-13
1927897,3,5,2004-07-27
719833,3,4,2003-09-08
871489,3,5,2004-09-14
968765,3,5,2004-10-11
1057518,3,4,2005-01-03
257517,3,4,2004-05-17
2003554,3,4,2003-04-25
2203875,3,4,2003-03-07
2213289,3,5,2003-06-06
2630072,3,3,2003-12-02
1142291,3,4,2005-08-22
1733188,3,4,2004-03-24
1614895,3,4,2003-09-13
1947922,3,2,2004-02-19
1036823,3,3,2004-09-20
786312,3,3,2004-11-06
1197233,3,2,2005-02-17
1100037,3,3,2005-04-02
1130826,3,3,2005-05-02
620147,3,5,2005-05-26
1479047,3,4,2005-09-27
1221390,3,4,2003-02-17
2193643,3,5,2003-06-04
544496,3,2,2004-02-02
357507,3,3,2003-03-04
976059,3,3,2004-06-22
820624,3,4,2004-02-09
924839,3,5,2004-05-18
966255,3,4,2004-07-09
108052,3,4,2005-03-22
375319,3,4,2005-09-15
309333,3,4,2005-10-16
1599030,3,5,2003-03-05
2443370,3,4,2003-07-07
871580,3,3,2003-05-13
311641,3,1,2005-08-27
532382,3,4,2003-08-21
2378011,3,5,2004-01-27
946970,3,4,2004-01-23
175763,3,4,2004-05-04
619721,3,4,2004-10-27
1248452,3,3,2005-01-20
1863843,3,2,2005-06-29
1915354,3,4,2005-10-20
920625,3,2,2005-11-14
1100170,3,4,2005-12-18
1733406,3,4,2003-03-26
755319,3,3,2005-08-14
1743030,3,3,2004-04-05
309567,3,2,2003-05-07
2096587,3,5,2003-06-09
345869,3,4,2004-08-08
1544094,3,5,2005-02-22
1022903,3,4,2005-09-14
290951,3,4,2003-02-24
1737484,3,4,2004-08-16
183215,3,4,2005-08-15
2065639,3,4,2004-04-02
250836,3,3,2005-09-08
2126122,3,4,2005-02-22
1206452,3,4,2005-03-21
2068821,3,3,2005-05-30
1924939,3,4,2005-10-25
1940163,3,4,2005-07-14
1033433,3,2,2004-06-05
1213801,3,3,2003-04-09
1045221,3,1,2003-05-13
253037,3,3,2005-08-05
341954,3,2,2003-12-15
697945,3,4,2003-05-28
1115632,3,3,2003-11-24
2103655,3,3,2003-08-01
2495200,3,5,2004-10-05
714550,3,4,2005-04-02
979820,3,1,2005-06-26
514312,3,3,2004-05-19
2025577,3,3,2003-08-22
1589677,3,4,2003-06-12
425033,3,3,2003-06-13
2352327,3,4,2004-09-08
156078,3,5,2004-08-03
851855,3,4,2003-05-20
2441707,3,3,2003-05-23
1278394,3,4,2003-06-07
962955,3,2,2003-10-03
811218,3,5,2004-05-11
636475,3,3,2005-01-29
1087412,3,4,2005-02-20
410537,3,4,2005-06-06
1586499,3,3,2003-07-28
917063,3,4,2003-02-15
1023101,3,3,2003-08-04
2393306,3,4,2004-08-31
788774,3,4,2003-04-25
2586963,3,4,2003-06-08
2368791,3,3,2003-04-30
244266,3,3,2003-12-04
2622138,3,1,2004-02-23
793228,3,4,2004-05-19
1283965,3,4,2005-11-08
2135038,3,4,2003-10-20
722006,3,4,2005-02-20
1511683,3,1,2003-05-30
1939663,3,4,2003-07-20
1763372,3,3,2003-06-18
1834472,3,3,2003-04-08
209549,3,5,2004-06-15
515850,3,5,2003-09-23
1455472,3,2,2004-06-22
2301782,3,4,2004-11-08
770921,3,5,2004-12-13
297498,3,5,2005-04-04
386510,3,5,2005-09-16
2494367,3,2,2005-10-08
1607574,3,4,2005-10-20
1594095,3,4,2004-09-08
1124822,3,4,2005-08-15
544022,3,3,2004-08-19
1817216,3,2,2003-06-10
1931698,3,2,2004-07-08
569099,3,3,2003-05-19
1771085,3,2,2003-07-21
604949,3,4,2004-09-19
213541,3,3,2004-10-31
790920,3,3,2004-12-02
2554707,3,4,2005-03-08
376148,3,5,2005-04-25
1689439,3,5,2004-06-25
2485566,3,5,2004-08-09
2232958,3,4,2004-03-01
2267858,3,3,2003-04-24
1956967,3,4,2005-08-13
2494005,3,2,2005-08-27
323148,3,3,2003-11-29
2158065,3,4,2003-10-28
2370268,3,4,2003-09-29
2152838,3,5,2004-08-01
1407746,3,3,2004-08-19
1666581,3,4,2005-05-25
871548,3,5,2005-03-10
2385706,3,4,2003-04-23
1969676,3,5,2004-01-26
1927329,3,5,2004-01-06
1938559,3,5,2004-06-21
199769,3,4,2004-01-22
2576108,3,1,2003-06-16
162854,3,4,2004-10-25
215406,3,5,2005-02-18
2095263,3,4,2005-05-22
556045,3,5,2005-10-18
817851,3,4,2004-01-17
2491399,3,2,2005-07-24
1134816,3,4,2003-07-23
660454,3,4,2003-03-24
581199,3,4,2003-10-27
1545189,3,4,2003-07-07
1929487,3,3,2005-09-04
528384,3,5,2003-09-26
2646115,3,3,2003-10-08
727242,3,1,2005-01-04
883478,3,1,2005-10-27
247940,3,4,2003-08-29
369761,3,3,2003-08-19
1065126,3,4,2004-03-09
1101467,3,4,2003-07-29
393413,3,3,2004-04-06
478176,3,4,2004-05-26
2385003,13368,4,2004-07-08
659432,13368,3,2005-03-16
751812,13368,2,2002-12-16
2625420,13368,2,2004-05-25
1650301,13368,1,2005-08-30
2269227,13368,4,2005-10-27
2220672,13368,4,2002-08-19
2500511,13368,4,2003-08-11
1452058,13368,2,2005-01-29
1624891,13368,3,2002-07-27
970031,13368,3,2004-04-14
345673,13368,4,2005-04-07
1426869,13368,5,2005-04-21
1037088,13368,2,2005-09-14
2079559,13368,5,2005-10-08
2175560,13368,5,2005-01-12
946805,13368,4,2005-02-09
767843,13368,1,2005-05-04
464031,13368,3,2001-02-08
2473764,13368,4,2005-09-26
2339119,13368,3,2005-11-27
162348,13368,3,2004-06-15
2622206,13368,4,2005-10-09
1558606,13368,3,2004-06-21
945258,13368,3,2005-05-03
1315220,13368,5,2002-05-15
1860412,13368,3,2003-07-29
1338852,13368,3,2003-07-14
1469354,13368,2,2003-12-19
719833,13368,4,2003-07-20
310049,13368,2,2004-03-15
324891,13368,5,2005-04-23
1203136,13368,3,2001-05-12
653471,13368,5,2003-11-03
17099,13368,3,2004-09-01
2304670,13368,4,2005-02-10
2195992,13368,3,2005-04-16
1892937,13368,5,2005-07-25
1414863,13368,3,2004-05-19
1959288,13368,2,2005-03-02
1934640,13368,4,2005-03-17
2476255,13368,4,2005-10-09
1698528,13368,5,2005-10-07
955917,13368,4,2003-08-14
2352327,13368,4,2004-09-01
364540,13368,3,2004-08-04
1225326,13368,5,2005-02-11
1253156,13368,4,2005-07-07
1791854,13368,4,2004-10-31
1143351,13368,3,2005-03-01
2448082,13368,2,2005-08-19
2077104,13368,2,2004-01-29
1864362,13368,5,2005-01-12
1433951,13368,4,2005-06-28
472483,13368,5,2005-09-23
748973,13368,4,2005-08-27
2269838,13368,4,2003-08-19
2477177,13368,3,2004-01-06
2209858,13368,4,2005-02-13
1709239,13368,4,2002-08-17
727242,13368,1,2004-05-18
274313,13368,2,2003-08-11
2235013,13368,4,2004-12-29
443193,13368,3,2001-02-17
478176,13368,4,2004-08-25
1150643,13368,5,2005-09-06
544784,13368,4,2005-03-14
2569291,13368,5,2005-10-11
1272379,13368,2,2002-03-06
1101438,13368,5,2005-08-15
427674,13368,4,2004-02-28
111211,13368,2,2004-02-02
871684,13368,4,2005-05-09
1329206,13368,4,2005-06-13
1116219,13368,5,2002-08-29
2479276,13368,4,2005-10-20
109389,13368,5,2002-11-13
487240,13368,1,2005-05-09
2018935,13368,4,2005-05-18
1288980,13368,3,2005-10-05
1092081,13368,5,2004-03-05
664419,13368,4,2005-08-06
2380716,13368,3,2003-08-22
1964421,13368,5,2004-02-03
2120820,13368,5,2004-05-17
1685089,13368,4,2001-04-19
593440,13368,4,2004-08-28
892185,13368,4,2005-08-02
1290520,13368,4,2004-08-13
637621,13368,5,2005-01-28
475010,13368,4,2005-02-03
2219254,13368,3,2000-09-20
2439493,13368,1,2003-04-03
2182356,13368,3,2005-10-01
186179,13368,5,2000-03-05
2245909,13368,4,2004-09-10
1672449,13368,3,2005-09-09
1324924,13368,5,2005-08-28
853194,13368,4,2004-01-20
869373,13368,2,2003-11-13
907430,13368,2,2005-10-24
833381,13368,3,2003-04-09
505624,13368,5,2005-11-12
756011,13368,5,2004-10-14
1205638,13368,3,2005-12-01
1021948,13368,5,2005-12-07
371967,13368,3,2000-03-21
1570077,13368,3,2002-03-04
2343780,13368,4,2004-01-28
2136168,13368,2,2005-03-10
289594,13368,3,2005-12-12
1646880,13368,4,2005-02-25
768810,13368,2,2003-09-04
2221847,13368,5,2005-02-14
2455117,13368,4,2005-11-15
1218097,13368,4,2005-03-01
1431415,13368,5,2005-11-08
528559,13368,4,2005-07-28
2397704,13368,5,2004-01-25
1233752,13368,3,2000-01-16
2029462,13368,3,2004-02-09
2062286,13368,3,2004-01-12
1212627,13368,4,2005-01-27
1149052,13368,3,2004-07-13
1493430,13368,4,2004-07-09
2358715,13368,5,2005-09-13
1960208,13368,5,2005-09-07
1252629,13368,2,2004-03-16
634777,13368,5,2004-11-07
919869,13368,5,2005-11-08
1314655,13368,4,2005-01-27
1153564,13368,5,2005-06-03
1392017,13368,4,2005-10-08
1143567,13368,5,2005-10-19
532830,13368,5,2005-08-13
539955,13368,5,2004-04-18
1077156,13368,3,2004-03-06
910262,13368,4,2005-08-14
818752,13368,3,2005-02-07
1193748,13368,4,2005-03-06
2323710,13368,5,2005-07-05
2197203,13368,1,2003-09-21
1443113,13368,5,2004-07-29
231863,13368,4,2004-07-12
2034459,13368,4,2005-02-18
1132600,13368,4,2005-03-10
1474444,13368,4,2004-07-06
2410057,13368,4,2004-11-27
858870,13368,4,2005-08-10
220034,13368,5,2005-10-10
2130148,13368,3,2005-05-06
658961,13368,4,2005-06-02
803544,13368,4,2005-11-25
364901,13368,5,2005-08-29
481721,13368,4,2005-07-26
2051752,13368,3,2004-12-07
1228624,13368,5,2005-05-21
202558,13368,3,2003-11-10
1043652,13368,1,2003-08-13
1045479,13368,2,2005-08-30
2310338,13368,5,2004-10-21
1784446,13368,5,2005-11-22
2046421,13368,5,2005-12-09
339693,13368,2,2005-02-26
99847,13368,4,2004-11-16
2092198,13368,4,2005-06-02
897816,13368,3,2005-10-19
184705,13368,3,2004-11-18
2303588,13368,3,2005-02-07
2020045,13368,4,2005-05-25
2578149,13368,3,2004-02-02
2590916,13368,5,2004-12-07
2586051,13368,4,2005-01-13
2125354,13368,4,2005-02-05
2431563,13368,4,2004-10-25
1997580,13368,4,2005-08-06
145155,13368,4,2005-12-03
1707723,13368,3,2004-05-21
2645367,13368,3,2002-04-11
1981647,13368,5,2005-01-11
2120218,13368,3,2005-11-21
1373130,13368,3,2003-08-29
250565,13368,5,2001-01-25
203212,13368,4,2003-06-14
2552319,13368,3,2005-04-03
1190373,13368,5,2005-10-09
831244,13368,3,2000-01-11
241766,13368,2,2004-12-25
2386901,13368,4,2005-07-10
1268328,13368,3,2004-07-24
593749,13368,5,2004-06-11
1480539,13368,4,2005-02-11
78936,13368,2,2005-06-28
2324706,13368,2,2005-10-20
515008,13368,3,2005-08-22
1973828,13368,5,2004-08-10
586836,13368,3,2004-07-10
1348053,13368,4,2005-08-30
1843166,13368,4,2005-05-11
2408478,13368,1,2005-08-24
722572,13368,1,2004-06-08
1026782,13368,4,2005-04-04
2415486,13368,5,2005-10-03
309258,13368,3,2005-04-21
2233289,13368,5,2005-07-28
1366049,13368,5,2004-07-29
2522445,13368,5,2005-03-24
408590,13368,4,2005-10-20
572481,13368,1,2003-04-04
329958,13368,1,2003-12-24
780058,13368,5,2004-04-14
1180795,13368,5,2005-12-16
214247,13368,5,2000-08-26
1223806,13368,4,2005-08-03
1736133,13368,3,2004-10-05
701449,13368,3,2005-10-02
963611,13368,1,2005-06-17
1790184,13368,4,2003-06-02
111696,13368,3,2005-05-30
2342499,13368,4,2005-11-15
1426263,13368,4,2005-04-02
1719220,13368,4,2002-10-31
2388082,13368,4,2005-07-18
2009727,13368,3,2004-06-22
736048,13368,4,2005-04-08
2078484,13368,1,2003-09-24
589404,13368,3,2005-02-08
1298511,13368,2,2003-07-04
396140,13368,4,2003-06-04
726232,13368,3,2003-08-12
1609527,13368,5,2005-01-22
2169764,13368,2,2004-09-08
385900,13368,4,2004-12-07
1884142,13368,5,2005-02-09
2513455,13368,2,2005-05-31
1801493,13368,5,2001-01-10
1769875,13368,1,2004-01-23
633905,13368,3,2004-01-26
60981,13368,5,2004-03-27
707032,13368,4,2005-02-26
896713,13368,1,2005-05-17
807448,13368,4,2005-11-26
2180518,13368,4,2003-11-13
1946303,13368,4,2002-10-01
142492,13368,3,2003-08-23
2053020,13368,1,2004-04-08
1595424,13368,4,2004-01-14
2268720,13368,5,2004-05-26
991786,13368,4,2005-03-01
1349090,13368,3,2005-09-20
1406843,13368,4,2005-10-05
1558030,13368,3,2001-07-26
1708442,13368,4,2003-09-17
1569109,13368,2,2004-03-08
349331,13368,1,2001-02-09
1194048,13368,3,2005-08-25
2369255,13368,3,2005-05-25
677888,13368,5,2004-04-09
117368,13368,4,2004-03-23
545790,13368,3,2004-12-20
2053594,13368,3,2000-04-01
249789,13368,4,2005-02-20
773643,13368,4,2005-03-18
1501724,13368,1,2005-04-11
760029,13368,5,2005-06-04
2503369,13368,5,2004-11-23
1212566,13368,3,2000-01-11
310439,13368,3,2003-04-25
230112,13368,1,2004-07-03
1802028,13368,4,2005-01-28
566625,13368,2,2005-11-14
2634517,13368,4,2005-07-26
1560653,13368,3,2004-08-24
396440,13368,3,2005-06-19
1545805,13368,2,2004-06-05
433139,13368,5,2005-10-01
91120,13368,3,2000-02-16
415478,13368,3,2004-07-07
1810763,13368,3,2005-06-03
2038362,13368,5,2003-04-23
752702,13368,2,2004-05-26
2342834,13368,3,2004-04-15
1520904,13368,4,2004-10-06
254222,13368,4,2005-05-15
2446344,13368,2,2005-06-29
1310382,13368,4,2003-11-22
2367304,13368,3,2003-11-11
1925701,13368,5,2005-02-08
712852,13368,5,2005-10-09
1432211,13368,3,2003-12-10
1071122,13368,3,2004-05-18
901720,13368,4,2003-05-26
1046501,13368,4,2005-08-29
2624689,13368,3,2004-07-23
2019578,13368,4,2004-10-13
1772665,13368,5,2005-02-21
792309,13368,2,2005-05-24
414976,13368,5,2005-11-10
1091738,13368,4,2005-04-21
575981,13368,4,2005-09-27
1311952,13368,5,2005-10-05
1997485,13368,3,2003-09-20
1299887,13368,4,2005-03-02
1505072,13368,5,2005-05-25
2011746,13368,3,2005-09-19
777394,13368,4,2005-11-15
578848,13368,4,2004-08-29
267360,13368,5,2005-08-17
2286677,13368,4,2005-03-02
1127148,13368,4,2005-10-05
2635448,13368,5,2005-12-07
602103,13368,4,2003-08-25
1335942,13368,4,2004-08-12
1338823,13368,3,2004-09-21
1758286,13368,4,2005-04-13
1507578,13368,5,2005-09-24
1971752,13368,4,2005-12-11
1020840,13368,4,2003-09-15
1607572,13368,3,2002-05-07
92040,13368,5,2005-11-13
1878344,13368,5,2002-05-11
1261840,13368,4,2003-05-28
515980,13368,2,2004-12-21
2224875,13368,3,2005-01-25
681541,13368,4,2005-05-17
1765674,13368,2,2003-06-14
1406337,13368,5,2004-10-04
2346564,13368,3,2005-04-01
1396339,13368,4,2005-04-04
167484,13368,4,2005-09-24
2219648,13368,3,2002-07-06
475075,13368,4,2003-07-17
278880,13368,3,2004-12-14
1755505,13368,1,2005-03-02
98492,13368,5,2005-09-12
2068671,13368,4,2005-09-15
2161142,13368,3,2005-09-29
2408168,13368,3,2005-10-02
1294888,13368,3,2004-12-20
2520402,13368,4,2005-12-10
1539972,13368,4,2004-02-18
1395144,13368,4,2003-07-07
305344,13368,1,2003-08-08
683623,13368,4,2005-10-21
1763499,13368,3,2004-09-15
1870256,13368,5,2005-07-28
75640,13368,3,2002-12-18
767706,13368,2,2003-07-03
2369887,13368,3,2004-07-20
2035038,13368,4,2005-04-08
2427227,13368,2,2005-08-17
2188296,13368,4,2005-08-22
1393576,13368,3,2005-06-01
536910,13368,4,2005-03-15
1250096,13368,3,2003-04-21
1088725,13368,3,2004-03-11
2174601,13368,2,2003-04-21
910070,13368,4,2004-03-26
508042,13368,3,2003-07-21
355078,13368,2,2004-12-05
462584,13368,5,2005-02-21
1292780,13368,5,2005-07-25
780391,13368,3,2005-03-03
2554772,13368,4,2005-10-29
484464,13368,4,2003-08-18
1486706,13368,2,2005-12-04
705770,13368,2,2004-11-10
2058438,13368,5,2005-04-07
2177597,13368,1,2005-05-18
1908753,13368,4,2005-08-02
1558683,13368,4,2003-08-17
1687570,13368,4,2005-08-10
111044,13368,4,2004-11-24
637481,13368,5,2005-01-25
1952729,13368,2,2005-05-03
864012,13368,4,2004-01-28
1018015,13368,5,2005-08-22
1876416,13368,2,2004-09-08
1355502,13368,5,2005-03-07
1123981,13368,2,2002-10-09
714757,13368,3,2003-12-02
19488,13368,5,2005-01-31
1477859,13368,4,2005-07-04
1973975,13368,3,2005-10-09
795473,13368,2,2005-01-19
2597239,13368,4,2003-09-20
1290963,13368,4,2005-05-24
1189097,13368,5,2005-06-08
406509,13368,4,2000-01-17
1122213,13368,3,2005-11-15
1179254,13368,2,2003-04-23
2020678,13368,2,2005-09-22
1237881,13368,3,2004-06-04
875344,13368,4,2005-08-13
1291867,13368,4,2005-03-29
1100638,13368,5,2005-04-30
1743179,13368,5,2005-08-15
603543,13368,3,2004-12-01
1443591,13368,4,2002-12-24
1420268,13368,1,2003-08-12
119848,13368,5,2005-04-28
826195,13368,4,2005-05-07
2607433,13368,3,2003-09-03
984525,13368,2,2005-05-11
829846,13368,3,2005-05-23
614711,13368,4,2005-12-11
1305971,13368,4,2001-01-11
1881260,13368,3,2005-08-29
1225936,13368,5,2004-02-19
559366,13368,2,2003-08-26
19006,13368,5,2005-05-22
531787,13368,4,2002-12-10
365249,13368,5,2005-08-10
2251810,13368,5,2004-07-05
2506964,13368,5,2003-11-23
2566101,13368,4,2004-04-13
1229435,13368,4,2005-02-09
2280749,13368,4,2005-05-11
2396619,13368,3,2005-05-23
726621,13368,4,2003-10-17
2412997,13368,4,2005-08-12
345444,13368,5,2005-11-09
1773724,13368,4,2004-01-20
1724929,13368,5,2003-11-03
2326639,13368,2,2004-05-12
1319107,13368,4,2005-05-09
1357878,13368,4,2004-09-05
2118461,13368,5,2005-10-23
2620163,13368,4,2003-12-22
2061495,13368,3,2005-03-28
1711185,13368,5,2005-07-23
387418,13368,2,2003-10-10
296111,13368,5,2004-01-22
694574,13368,4,2004-10-21
1907620,13368,5,2004-11-30
426531,13368,4,2005-02-17
1917431,13368,4,2005-11-18
321519,13368,3,2005-11-21
2612664,13368,1,2004-04-07
1700468,13368,4,2003-04-24
2046878,13368,3,2005-04-11
1945029,13368,2,2004-07-03
1139404,13368,1,2003-04-07
2084328,13368,5,2005-09-01
1932594,13368,1,2004-08-22
1114342,13368,4,2005-01-24
1592172,13368,4,2005-09-22
2295885,13368,3,2003-10-28
2600597,13368,3,2005-12-17
1447743,13368,3,2003-08-12
2406110,13368,5,2004-11-29
1461435,13368,1,2002-02-21
1502608,13368,3,2004-01-24
1251454,13368,3,2005-01-25
1180425,13368,5,2005-03-18
636451,13368,3,2002-05-23
1771329,13368,4,2003-04-29
182203,13368,1,2003-07-18
419963,13368,4,2005-09-07
171521,13368,3,2003-09-24
2590656,13368,4,2005-04-19
1713268,13368,3,2000-07-18
1384790,13368,2,2003-07-11
2629961,13368,3,2004-08-11
553082,13368,4,2004-12-08
1010920,13368,4,2005-03-16
714792,13368,2,2005-03-27
1209672,13368,5,2005-04-30
15027,13368,5,2004-06-08
2467046,13368,3,2000-05-08
1639792,13368,1,2003-04-03
1320363,13368,3,2003-12-21
380292,13368,4,2002-06-21
1765595,13368,3,2005-07-22
157729,13368,5,2005-08-01
2502873,13368,2,2003-10-18
1681941,13368,5,2003-07-18
2385226,13368,3,2005-06-02
2154387,13368,5,2005-10-04
2460347,13368,1,2004-03-25
2292335,13368,5,2005-11-20
1201442,13368,3,2003-07-15
981489,13368,3,2005-10-11
909122,13368,2,2005-07-31
1174544,13368,4,2005-08-09
123716,13368,4,2004-11-17
2384355,13368,3,2004-11-29
2091384,13368,2,2005-02-21
1918276,13368,3,2004-04-07
1536313,13368,5,2004-02-23
2238060,13368,2,2004-08-18
779867,13368,4,2004-11-30
927316,13368,3,2004-11-30
1616631,13368,5,2005-02-09
1907733,13368,5,2005-02-19
1335181,13368,3,2004-04-01
1852040,13368,1,2004-05-13
1929151,13368,3,2004-03-04
2252145,13368,2,2005-10-06
1545733,13368,2,2004-05-14
293857,13368,4,2005-03-16
1486956,13368,4,2005-03-26
2362863,13368,4,2005-08-02
908725,13368,3,2004-11-22
1337762,13368,3,2005-03-28
1606261,13368,3,2000-09-15
2301571,13368,4,2005-01-19
1644346,13368,1,2000-02-08
341746,13368,5,2005-07-08
2064219,13368,5,2005-09-02
2124888,13368,5,2004-12-27
1777165,13368,2,2005-01-25
1596742,13368,5,2005-03-20
1290587,13368,3,2003-05-28
1143230,13368,2,2000-06-05
184271,13368,2,2004-07-30
1033224,13368,2,2002-10-26
1058873,13368,5,2002-09-18
867624,13368,2,2003-08-17
1285,13368,3,2003-12-30
2426728,13368,3,2005-08-10
1493435,13368,4,2005-03-06
20461,13368,3,2005-03-14
190478,13368,4,2005-12-18
2407365,13368,3,2005-08-28
2374464,13368,3,2004-06-23
283364,13368,5,2004-07-22
1625310,13369,5,2005-03-17
541295,13369,5,2005-04-08
303948,13369,3,2005-09-12
635624,13369,2,2005-10-21
1110453,13369,5,2005-08-31
1227322,13369,1,2005-06-02
77550,13369,5,2005-05-25
1513622,13369,3,2005-05-19
2069818,13369,3,2005-06-01
297521,13369,3,2005-05-01
1784150,13369,3,2005-06-06
2221430,13369,3,2005-07-30
705703,13369,3,2005-10-18
1881487,13369,5,2005-10-18
1652711,13369,5,2005-09-08
161133,13369,4,2005-05-27
997518,13369,4,2005-06-13
1972677,13369,5,2005-11-07
438369,13369,3,2005-11-30
2600758,13369,5,2005-05-24
845754,13369,4,2005-05-31
1574842,13369,5,2005-08-22
531237,13369,2,2005-06-26
2466950,13369,4,2005-08-14
636262,13369,1,2005-08-23
91515,13369,4,2005-06-28
1991429,13369,4,2005-04-20
2585607,13369,3,2005-09-27
2439493,13369,1,2005-08-19
1802785,13369,3,2005-05-01
332923,13369,3,2005-05-01
266900,13369,5,2005-06-13
1558516,13369,3,2005-06-24
2134563,13369,1,2005-10-11
1562322,13369,3,2005-06-20
792534,13369,4,2005-06-03
2006138,13369,4,2005-10-08
2106857,13369,5,2005-11-08
232421,13369,1,2005-07-12
1694767,13369,2,2005-07-07
423204,13369,4,2005-06-08
2404219,13369,3,2005-06-20
1501943,13369,3,2005-05-01
1692295,13369,5,2005-05-04
1900,13369,3,2005-05-19
586276,13369,4,2005-09-23
2302897,13369,5,2005-04-02
2221057,13369,3,2005-08-23
507603,13369,1,2005-08-01
199435,13369,2,2005-06-29
1305910,13369,4,2005-10-17
352831,13369,4,2005-05-14
1690900,13369,4,2005-05-26
644955,13369,2,2005-08-29
2578830,13369,3,2005-05-30
501808,13369,4,2005-09-23
1589063,13369,4,2005-09-27
2397080,13369,2,2005-09-17
270634,13369,5,2005-11-27
806991,13369,4,2005-06-16
1014585,13369,5,2005-07-09
1664010,13369,4,2005-10-12
1783543,13369,3,2005-04-09
2253113,13369,3,2005-05-04
1083952,13369,3,2005-05-09
2482938,13369,3,2005-05-28
1605728,13369,3,2005-08-15
584376,13369,3,2005-04-24
2020689,13369,4,2005-07-17
128901,13369,5,2005-07-26
2004105,13369,3,2005-06-10
2052283,13369,4,2005-06-17
2011704,13369,4,2005-07-15
334578,13369,4,2005-07-20
1327597,13369,5,2005-05-18
1407578,13369,4,2005-06-10
622881,13369,5,2005-07-09
2366454,13369,4,2005-07-08
261764,13369,5,2005-11-10
66296,13369,4,2005-05-24
472332,13369,4,2005-06-03
556926,13369,5,2005-08-30
2377815,13369,5,2005-05-03
2096501,13369,3,2005-07-26
721718,13369,5,2005-06-07
79740,13369,4,2005-06-01
815585,13369,5,2005-02-24
1858464,13369,3,2005-05-27
1763653,13369,4,2005-06-03
3097,13369,4,2005-08-10
2299596,13369,4,2005-05-11
2322390,13369,4,2005-06-27
2434166,13369,4,2005-06-14
305344,13369,1,2005-04-27
510173,13369,3,2005-06-14
564572,13369,2,2005-05-26
2038078,13369,3,2005-06-22
373416,13369,3,2005-07-18
2147527,13369,1,2005-11-18
2216721,13369,5,2005-08-24
651230,13369,1,2005-05-26
2309145,13369,5,2005-11-10
2352652,13369,4,2005-05-06
240923,13369,2,2005-09-19
496106,13369,4,2005-10-20
1488235,13369,5,2005-05-26
439559,13369,5,2005-11-02
1111322,13369,3,2005-03-21
2018894,13369,5,2005-10-05
1565408,13369,5,2005-07-13
742766,13369,3,2005-07-24
2420328,13369,5,2005-05-04
2215203,13369,4,2005-05-31
2131820,13369,2,2005-10-25
754990,13369,2,2005-05-17
19006,13369,3,2005-06-10
1993836,13369,5,2005-02-28
1950806,13369,3,2005-05-17
2094633,13369,4,2005-10-19
454557,13369,5,2005-09-04
1806515,13369,3,2005-09-23
1168936,13369,2,2005-10-11
2118461,13369,4,2005-12-20
1837960,13369,3,2005-07-24
353668,13369,5,2005-06-09
387418,13369,1,2005-12-11
1008749,13369,2,2005-06-23
361073,13369,4,2005-05-20
2521398,13369,4,2005-05-28
1360922,13369,4,2005-06-02
1708273,13369,4,2005-07-03
1461435,13369,1,2005-06-13
406577,13369,5,2005-05-17
2531080,13369,4,2005-11-01
1512991,13369,2,2005-06-14
1484795,13369,4,2005-12-02
1847946,13369,3,2005-05-13
228331,13369,5,2005-02-17
946812,13369,4,2005-03-26
1806401,13369,3,2005-10-03
1122983,13369,3,2005-11-07
2488238,13369,2,2005-07-19
1878266,13369,3,2005-07-18
2507404,13369,3,2005-07-22
1867761,13369,4,2005-07-26
1659679,13369,1,2005-05-18
1207509,13369,5,2005-09-06
2305466,13369,2,2005-06-11
1927146,13369,4,2005-05-24
89974,13369,4,2005-06-22
132390,13370,3,2004-06-30
613501,13370,3,2004-12-31
1116838,13370,5,2005-07-21
2445646,13370,2,2004-02-09
2008673,13370,2,2004-01-19
2059652,13370,4,2005-08-07
1777883,13370,1,2004-03-11
2071871,13370,3,2003-10-06
2502462,13370,1,2003-11-09
1294425,13370,5,2004-06-03
1074029,13370,3,2004-02-03
519545,13370,5,2004-09-02
991931,13370,4,2004-11-06
530441,13370,5,2004-11-24
1765381,13370,3,2005-01-31
754082,13370,3,2005-03-25
2263006,13370,4,2005-10-06
1271172,13370,4,2005-10-30
188099,13370,3,2005-11-09
649770,13370,3,2005-07-10
1214416,13370,5,2003-12-19
1562289,13370,5,2004-01-26
2158667,13370,4,2004-06-14
1686321,13370,3,2003-11-04
840543,13370,3,2004-08-08
2303830,13370,4,2004-10-14
2060891,13370,2,2004-11-12
1213655,13370,4,2005-01-25
1335879,13370,5,2005-04-12
2325737,13370,5,2005-05-02
2081171,13370,1,2005-11-28
1274049,13370,3,2005-07-24
1686766,13370,4,2005-02-20
296171,13370,5,2003-08-10
421709,13370,4,2004-04-17
264160,13370,5,2005-08-28
908205,13370,2,2004-02-02
724592,13370,3,2004-02-26
1248029,13370,4,2004-08-08
1315754,13370,4,2004-11-28
652121,13370,4,2004-12-29
755344,13370,3,2005-01-12
2207774,13370,4,2005-02-03
1350663,13370,4,2005-02-21
868935,13370,5,2005-04-19
1650301,13370,2,2005-05-20
692291,13370,3,2005-06-12
1071856,13370,5,2005-06-12
2231930,13370,5,2005-09-23
2384779,13370,4,2005-10-16
1917657,13370,4,2005-10-16
1800117,13370,3,2005-11-06
1981733,13370,4,2004-08-17
752696,13370,4,2005-08-01
1157120,13370,3,2004-02-06
2314286,13370,4,2004-05-04
1435900,13370,4,2004-03-25
2220672,13370,4,2004-12-21
2501533,13370,5,2004-12-23
353820,13370,3,2004-12-30
1243274,13370,4,2005-01-31
2073724,13370,5,2005-04-30
221162,13370,4,2005-06-07
1637765,13370,5,2005-06-23
787938,13370,3,2005-09-16
316050,13370,1,2005-09-17
1310250,13370,4,2005-10-25
318939,13370,3,2005-12-13
1853679,13370,3,2003-08-28
320770,13370,4,2003-11-05
884967,13370,5,2005-08-05
2025375,13370,4,2003-09-21
535268,13370,5,2004-07-08
989228,13370,4,2004-10-05
85663,13370,1,2004-09-29
1676009,13370,5,2004-11-07
1013930,13370,4,2004-11-08
616046,13370,5,2005-01-05
127010,13370,2,2005-05-10
686635,13370,5,2005-10-02
366844,13370,5,2005-10-29
1882935,13370,5,2004-09-13
1971918,13370,4,2004-05-24
793754,13370,3,2003-08-14
2206592,13370,4,2003-09-04
1807821,13370,1,2005-01-01
322178,13370,1,2005-01-28
1007809,13370,4,2005-02-07
372233,13370,4,2005-03-18
1490496,13370,5,2005-10-27
2631649,13370,4,2005-12-29
1034156,13370,2,2003-07-27
709342,13370,4,2003-09-10
1486253,13370,5,2004-08-10
2206698,13370,3,2004-10-19
1647196,13370,5,2005-02-01
2592564,13370,3,2005-02-01
1183357,13370,2,2005-02-20
26648,13370,4,2005-04-28
986454,13370,5,2005-06-27
2294397,13370,3,2005-11-30
800467,13370,5,2005-07-12
2088489,13370,4,2005-07-13
549534,13370,3,2003-08-06
2250121,13370,3,2005-08-03
1122179,13370,5,2005-08-09
1858921,13370,4,2005-09-14
2527572,13370,4,2004-08-01
303948,13370,4,2004-09-20
1257103,13370,1,2005-03-02
1258971,13370,3,2005-05-16
870496,13370,4,2005-06-14
558634,13370,4,2005-09-12
1126860,13370,4,2005-09-13
692577,13370,5,2005-10-19
2433247,13370,5,2004-03-25
1493780,13370,5,2004-03-04
1808930,13370,2,2005-07-26
474541,13370,5,2004-09-02
318032,13370,3,2004-05-26
924822,13370,2,2003-07-28
182031,13370,4,2005-08-07
289162,13370,5,2003-11-10
956303,13370,3,2004-04-28
162348,13370,4,2004-09-22
1687379,13370,4,2004-09-29
688484,13370,4,2005-03-04
1155253,13370,5,2005-05-14
85856,13370,1,2005-05-16
2065566,13370,4,2005-06-20
965764,13370,3,2005-09-19
2130999,13370,4,2005-10-24
2595888,13370,5,2005-11-03
1273429,13370,3,2005-08-02
1572469,13370,5,2004-08-28
806909,13370,5,2003-10-07
1510343,13370,4,2004-01-01
1061198,13370,3,2003-07-28
652714,13370,4,2004-04-29
86365,13370,4,2004-08-23
1540724,13370,1,2005-01-13
968447,13370,3,2005-10-31
1558486,13370,2,2005-07-21
229971,13370,1,2005-08-05
2302786,13370,5,2004-01-02
1574252,13370,4,2005-08-12
2128580,13370,4,2004-03-02
1519094,13370,3,2003-10-01
380726,13370,3,2004-03-30
483077,13370,4,2004-02-09
2561749,13370,2,2003-10-31
1699166,13370,3,2004-02-06
738657,13370,5,2004-02-02
1599855,13370,4,2004-03-21
1126697,13370,5,2005-01-19
820785,13370,4,2005-01-28
1931476,13370,3,2005-04-02
367810,13370,5,2005-04-11
1580481,13370,4,2005-06-02
1188000,13370,4,2005-06-28
2330762,13370,4,2005-10-10
1080872,13370,5,2005-12-09
1295097,13370,3,2005-07-19
183476,13370,5,2004-03-06
986975,13370,5,2003-12-11
2223955,13370,3,2004-03-19
1715735,13370,3,2004-09-09
2307923,13370,5,2004-10-08
1944709,13370,4,2004-11-08
1197233,13370,2,2004-12-29
445465,13370,4,2005-01-19
1361286,13370,3,2005-04-22
1662316,13370,5,2005-05-22
1705463,13370,4,2005-10-24
2153290,13370,5,2005-10-29
2444831,13370,5,2005-01-07
1705377,13370,2,2005-08-08
2407154,13370,4,2004-11-01
1030089,13370,3,2003-09-06
1225682,13370,3,2004-08-31
1365840,13370,5,2004-11-14
1322839,13370,4,2004-11-15
2561861,13370,4,2005-01-19
2133136,13370,4,2005-03-21
2572891,13370,2,2005-05-21
1602489,13370,5,2005-07-03
25533,13370,2,2005-11-22
389017,13370,5,2005-12-21
525356,13370,2,2003-11-24
2069818,13370,5,2005-07-19
1506773,13370,4,2003-11-25
256673,13370,3,2003-08-29
1202823,13370,4,2004-04-26
1523735,13370,3,2005-08-20
2226158,13370,2,2003-10-27
98044,13370,3,2005-09-05
2364140,13370,5,2004-03-17
1225818,13370,4,2004-01-02
311641,13370,4,2004-08-30
1259114,13370,4,2004-10-01
1328996,13370,3,2004-11-02
2062271,13370,5,2005-03-20
165823,13370,5,2005-04-21
1938037,13370,5,2005-05-05
291248,13370,1,2005-06-30
1564058,13370,4,2005-10-03
1482162,13370,4,2005-11-29
642090,13370,1,2004-03-03
2553297,13370,4,2004-01-15
2549443,13370,1,2005-06-21
172499,13370,4,2004-08-22
2084055,13370,5,2004-08-04
1943596,13370,3,2004-08-25
2400123,13370,4,2004-10-24
2088334,13370,3,2004-11-06
1018474,13370,4,2005-02-11
478126,13370,5,2005-02-16
190775,13370,5,2005-05-05
1937486,13370,1,2005-06-21
2018721,13370,4,2005-11-03
348070,13370,5,2005-11-19
2643725,13370,3,2003-09-25
705774,13370,3,2004-02-08
346231,13370,4,2004-05-27
363163,13370,5,2003-07-17
1668182,13370,5,2005-08-18
1327201,13370,2,2003-10-26
1375880,13370,3,2003-08-27
636708,13370,5,2004-04-18
1822241,13370,4,2004-04-25
1191122,13370,5,2004-08-01
1969090,13370,5,2004-11-15
1784150,13370,4,2005-03-02
541870,13370,3,2005-03-20
2320003,13370,3,2005-05-23
1237674,13370,5,2005-09-30
314110,13370,5,2005-10-18
1077794,13370,5,2005-10-31
846667,13370,3,2005-12-01
2162921,13370,2,2005-12-03
85987,13370,5,2005-07-06
302269,13370,4,2004-01-26
2299784,13370,1,2004-01-31
1457139,13370,3,2003-08-26
2485500,13370,3,2004-05-10
1686932,13370,2,2005-02-13
569334,13370,4,2004-12-19
1089049,13370,4,2005-03-11
1960412,13370,4,2005-04-08
921732,13370,5,2005-05-21
1935228,13370,4,2005-06-02
1309838,13370,5,2005-10-29
1103539,13370,5,2005-06-25
421943,13370,5,2005-09-08
1024541,13370,5,2005-09-12
534316,13370,4,2005-10-04
1400109,13370,3,2005-11-11
323259,13370,4,2005-11-14
194511,13370,5,2005-12-18
318199,13370,4,2003-10-03
2085613,13370,4,2004-08-25
1559022,13370,3,2004-07-22
2083182,13370,3,2004-02-03
416518,13370,3,2005-09-09
421344,13370,5,2005-03-15
2588015,13370,3,2005-03-28
239285,13370,5,2005-07-19
302102,13370,5,2005-08-21
125275,13370,2,2004-06-22
188570,13370,2,2004-09-17
2413946,13370,2,2004-10-26
1189722,13370,4,2004-11-24
2133016,13370,5,2004-12-29
1269872,13370,5,2005-02-05
1264935,13370,4,2005-02-17
1782505,13370,4,2005-06-19
1007967,13370,5,2005-10-24
470232,13370,3,2005-10-31
1552183,13370,4,2004-08-23
2517390,13370,3,2005-08-23
2156345,13370,4,2005-08-28
229983,13370,3,2004-07-08
502783,13370,4,2004-06-13
98129,13370,4,2004-11-12
682761,13370,4,2005-04-15
1778714,13370,5,2005-05-09
962384,13370,1,2005-09-20
1526507,13370,3,2005-09-23
1634831,13370,4,2005-10-26
378857,13370,4,2004-02-16
2071803,13370,4,2005-07-31
1011293,13370,3,2005-08-01
74188,13370,4,2005-08-01
1993107,13370,3,2004-02-26
1911527,13370,4,2003-09-12
1328031,13370,4,2004-02-23
1508625,13370,3,2004-01-04
1705503,13370,5,2003-10-16
818025,13370,5,2004-09-29
257294,13370,4,2004-10-01
179832,13370,5,2004-11-03
2538880,13370,5,2005-01-26
2082629,13370,5,2005-02-17
23898,13370,3,2005-03-06
2573288,13370,3,2005-03-20
789969,13370,3,2005-03-25
229617,13370,2,2005-06-24
943486,13370,3,2005-09-08
677273,13370,4,2005-09-28
1801709,13370,5,2005-10-13
1756480,13370,5,2005-10-31
1574264,13370,4,2003-09-09
991465,13370,5,2004-02-13
541239,13370,5,2004-08-25
1316174,13370,4,2004-06-18
2331813,13370,5,2005-06-26
2524282,13370,3,2005-11-22
2472440,13370,3,2005-11-25
2144973,13370,4,2005-07-19
1250023,13370,4,2004-04-28
